month,date,time,day,active_energy
7,11,2,0,917.8
7,11,3,0,917.9
7,11,4,0,918.0
7,11,5,0,918.1
7,11,6,0,918.2
7,11,7,0,918.2
7,11,8,0,918.3
7,11,9,0,918.4
7,11,10,0,918.5
7,11,11,0,918.6
7,11,12,0,918.7
7,11,13,0,918.8
7,11,14,0,918.9
7,11,15,0,919.0
7,11,16,0,919.1
7,11,17,0,919.2
7,11,18,0,919.3
7,11,19,0,919.3
7,11,20,0,919.4
7,11,21,0,919.5
7,11,22,0,919.6
7,11,23,0,919.7
7,12,0,0,919.8
7,12,1,0,919.9
7,12,3,0,920.0
7,12,4,0,920.1
7,12,5,0,920.2
7,12,6,0,920.3
7,12,7,0,920.4
7,12,8,0,920.4
7,12,9,0,920.5
7,12,10,0,920.6
7,12,11,0,920.7
7,12,12,0,920.8
7,12,13,0,920.9
7,12,14,0,921.0
7,12,15,0,921.1
7,12,16,0,921.1
7,12,17,0,921.2
7,12,18,0,921.3
7,12,19,0,921.4
7,12,20,0,921.5
7,12,21,0,921.6
7,12,22,0,921.7
7,12,23,0,921.8
7,13,0,1,921.9
7,13,1,1,921.9
7,13,2,1,922.0
7,13,4,1,922.2
7,13,5,1,922.3
7,13,6,1,922.3
7,13,7,1,922.4
7,13,8,1,922.5
7,13,9,1,922.7
7,13,10,1,922.8
7,13,11,1,923.0
7,13,12,1,923.2
7,13,13,1,923.4
7,13,14,1,923.5
7,13,15,1,923.7
7,13,16,1,923.9
7,13,17,1,924.0
7,13,18,1,924.2
7,13,19,1,924.3
7,13,20,1,924.4
7,13,21,1,924.5
7,13,22,1,924.6
7,13,23,1,924.7
7,14,0,1,924.8
7,14,1,1,924.8
7,14,2,1,924.9
7,14,3,1,925.0
7,15,6,1,928.2
7,15,7,1,928.2
7,15,8,1,928.3
7,15,9,1,928.5
7,15,10,1,928.6
7,15,11,1,928.8
7,15,12,1,928.9
7,15,13,1,929.1
7,15,14,1,929.2
7,15,15,1,929.4
7,15,16,1,929.5
7,15,17,1,929.7
7,15,18,1,929.8
7,15,19,1,929.9
7,15,20,1,930.0
7,15,21,1,930.1
7,15,22,1,930.2
7,15,23,1,930.3
7,16,0,1,930.4
7,16,1,1,930.5
7,16,2,1,930.6
7,16,3,1,930.7
7,16,4,1,930.7
7,16,5,1,930.8
7,16,7,1,931.0
7,16,8,1,931.1
7,16,9,1,931.2
7,16,10,1,931.4
7,16,11,1,931.5
7,16,12,1,931.7
7,16,13,1,931.8
7,16,14,1,932.0
7,16,15,1,932.1
7,16,16,1,932.3
7,16,17,1,932.4
7,16,18,1,932.6
7,16,19,1,932.7
7,16,20,1,932.8
7,16,21,1,932.9
7,16,22,1,933.0
7,16,23,1,933.1
7,17,0,1,933.2
7,17,1,1,933.3
7,17,2,1,933.4
7,17,3,1,933.5
7,17,4,1,933.6
7,17,5,1,933.6
7,17,6,1,933.7
7,17,8,1,933.9
7,17,9,1,934.0
7,17,10,1,934.2
7,17,11,1,934.4
7,17,12,1,934.5
7,17,13,1,934.7
7,17,14,1,934.8
7,17,15,1,935.0
7,17,16,1,935.1
7,17,17,1,935.3
7,17,18,1,935.4
7,17,19,1,935.5
7,17,20,1,935.6
7,17,21,1,935.7
7,17,22,1,935.8
7,17,23,1,935.9
7,18,0,0,936.0
7,18,1,0,936.1
7,18,2,0,936.2
7,18,3,0,936.3
7,18,4,0,936.4
7,18,5,0,936.5
7,18,6,0,936.6
7,18,7,0,936.6
7,19,10,0,939.1
7,19,11,0,939.2
7,19,12,0,939.3
7,19,13,0,939.4
7,19,14,0,939.5
7,19,15,0,939.6
7,19,16,0,939.7
7,19,17,0,939.8
7,19,18,0,939.9
7,19,19,0,940.0
7,19,20,0,940.1
7,19,21,0,940.2
7,19,22,0,940.3
7,19,23,0,940.4
7,20,0,1,940.4
7,20,1,1,940.5
7,20,2,1,940.6
7,20,3,1,940.7
7,20,4,1,940.8
7,20,5,1,940.9
7,20,6,1,940.9
7,20,7,1,941.0
7,20,8,1,941.1
7,20,9,1,941.3
7,21,12,1,944.7
7,21,13,1,944.9
7,21,14,1,945.0
7,21,15,1,945.2
7,21,16,1,945.4
7,21,17,1,945.5
7,21,18,1,945.7
7,21,19,1,945.8
7,21,20,1,945.9
7,21,21,1,946.0
7,21,22,1,946.1
7,21,23,1,946.2
7,22,0,1,946.3
7,22,1,1,946.4
7,22,2,1,946.4
7,22,3,1,946.5
7,22,4,1,946.6
7,22,5,1,946.7
7,22,6,1,946.8
7,22,7,1,946.9
7,22,8,1,947.0
7,22,9,1,947.1
7,22,10,1,947.2
7,22,11,1,947.4
7,22,13,1,947.7
7,22,14,1,947.9
7,22,15,1,948.0
7,22,16,1,948.2
7,22,17,1,948.3
7,22,18,1,948.5
7,22,19,1,948.6
7,22,20,1,948.7
7,22,21,1,948.8
7,22,22,1,948.9
7,22,23,1,949.0
7,23,0,1,949.1
7,23,1,1,949.2
7,23,2,1,949.3
7,23,3,1,949.4
7,23,4,1,949.4
7,23,5,1,949.5
7,23,6,1,949.6
7,23,7,1,949.7
7,23,8,1,949.8
7,23,9,1,949.9
7,23,10,1,950.1
7,23,11,1,950.2
7,23,12,1,950.4
7,23,14,1,950.7
7,23,15,1,950.9
7,23,16,1,951.0
7,23,17,1,951.2
7,23,18,1,951.3
7,23,19,1,951.4
7,23,20,1,951.5
7,23,21,1,951.6
7,23,22,1,951.7
7,23,23,1,951.8
7,25,0,0,954.7
7,25,1,0,954.7
7,25,2,0,954.8
7,25,3,0,954.9
7,25,4,0,955.0
7,25,5,0,955.1
7,25,6,0,955.2
7,25,7,0,955.2
7,25,8,0,955.3
7,25,9,0,955.4
7,25,10,0,955.5
7,25,11,0,955.6
7,25,12,0,955.7
7,25,13,0,955.8
7,25,15,0,956.0
7,25,16,0,956.1
7,25,17,0,956.2
7,25,18,0,956.2
7,25,19,0,956.3
7,25,20,0,956.4
7,25,21,0,956.5
7,25,22,0,956.6
7,25,23,0,956.7
7,26,0,0,956.8
7,26,1,0,956.8
7,26,2,0,956.9
7,26,3,0,957.0
7,26,4,0,957.1
7,26,5,0,957.2
7,26,6,0,957.3
7,26,7,0,957.3
7,26,8,0,957.4
7,26,9,0,957.5
7,26,10,0,957.6
7,26,11,0,957.7
7,26,12,0,957.7
7,26,13,0,957.8
7,26,14,0,957.9
7,26,16,0,958.1
7,26,17,0,958.2
7,26,18,0,958.3
7,26,19,0,958.4
7,26,20,0,958.5
7,26,21,0,958.6
7,26,22,0,958.7
7,26,23,0,958.7
7,27,0,1,958.8
7,27,1,1,958.9
7,27,2,1,959.0
7,27,3,1,959.1
7,27,4,1,959.2
7,27,5,1,959.2
7,27,6,1,959.3
7,27,7,1,959.4
7,27,8,1,959.5
7,27,9,1,959.6
7,27,10,1,959.8
7,27,11,1,959.9
7,27,12,1,960.1
7,27,13,1,960.3
7,27,14,1,960.4
7,27,15,1,960.6
7,27,17,1,960.9
7,27,18,1,961.0
7,27,19,1,961.1
7,27,20,1,961.2
7,27,21,1,961.3
7,27,22,1,961.4
7,27,23,1,961.5
7,28,0,1,961.6
7,28,1,1,961.7
7,28,2,1,961.7
7,28,3,1,961.8
7,28,4,1,961.9
7,28,5,1,962.0
7,28,6,1,962.1
7,28,7,1,962.1
7,28,8,1,962.2
7,28,9,1,962.4
7,28,10,1,962.5
7,28,11,1,962.7
7,28,12,1,962.9
7,28,13,1,963.0
7,28,14,1,963.2
7,28,15,1,963.3
7,28,16,1,963.5
7,29,19,1,966.6
7,29,20,1,966.7
7,29,21,1,966.8
7,29,22,1,966.9
7,29,23,1,967.0
7,30,0,1,967.1
7,30,1,1,967.2
7,30,2,1,967.3
7,30,3,1,967.4
7,30,4,1,967.4
7,30,5,1,967.5
7,30,6,1,967.6
7,30,7,1,967.7
7,30,8,1,967.8
7,30,9,1,967.9
7,30,10,1,968.1
7,30,11,1,968.3
7,30,12,1,968.4
7,30,13,1,968.6
7,30,14,1,968.7
7,30,15,1,968.9
7,30,16,1,969.1
7,30,17,1,969.2
7,30,18,1,969.4
7,31,21,1,972.5
7,31,22,1,972.6
7,31,23,1,972.8
8,1,0,0,972.9
8,1,1,0,973.0
8,1,2,0,973.0
8,1,3,0,973.1
8,1,4,0,973.2
8,1,5,0,973.3
8,1,6,0,973.4
8,1,7,0,973.5
8,1,8,0,973.6
8,1,9,0,973.7
8,1,10,0,973.8
8,1,11,0,973.9
8,1,12,0,974.0
8,1,13,0,974.1
8,1,14,0,974.2
8,1,15,0,974.3
8,1,16,0,974.4
8,1,17,0,974.5
8,1,18,0,974.6
8,1,19,0,974.7
8,1,20,0,974.8
8,1,22,0,975.0
8,1,23,0,975.1
8,2,0,0,975.2
8,2,1,0,975.3
8,2,2,0,975.4
8,2,3,0,975.5
8,2,4,0,975.6
8,2,5,0,975.7
8,2,6,0,975.8
8,2,7,0,975.8
8,2,8,0,975.9
8,2,9,0,976.0
8,2,10,0,976.1
8,2,11,0,976.2
8,2,12,0,976.3
8,2,13,0,976.4
8,2,14,0,976.5
8,2,15,0,976.6
8,2,16,0,976.7
8,2,17,0,976.8
8,2,18,0,976.9
8,2,19,0,977.0
8,2,20,0,977.1
8,2,21,0,977.2
8,2,23,0,977.4
8,3,0,1,977.5
8,3,1,1,977.6
8,3,2,1,977.7
8,3,3,1,977.8
8,3,4,1,977.9
8,3,5,1,977.9
8,3,6,1,978.0
8,3,7,1,978.1
8,3,8,1,978.2
8,3,9,1,978.4
8,3,10,1,978.6
8,3,11,1,978.7
8,3,12,1,978.9
8,3,13,1,979.0
8,3,14,1,979.2
8,3,15,1,979.4
8,3,16,1,979.5
8,3,17,1,979.7
8,3,18,1,979.8
8,3,19,1,979.9
8,3,20,1,980.0
8,3,21,1,980.1
8,3,22,1,980.2
8,5,1,1,983.3
8,5,2,1,983.4
8,5,3,1,983.5
8,5,4,1,983.6
8,5,5,1,983.6
8,5,6,1,983.7
8,5,7,1,983.8
8,5,8,1,983.9
8,5,9,1,984.0
8,5,10,1,984.2
8,5,11,1,984.4
8,5,12,1,984.5
8,5,13,1,984.7
8,5,14,1,984.8
8,5,15,1,985.0
8,5,16,1,985.2
8,5,17,1,985.3
8,5,18,1,985.5
8,5,19,1,985.6
8,5,20,1,985.7
8,5,21,1,985.8
8,5,22,1,985.9
8,5,23,1,986.0
8,6,0,1,986.1
8,6,2,1,986.2
8,6,3,1,986.3
8,6,4,1,986.4
8,6,5,1,986.5
8,6,6,1,986.6
8,6,7,1,986.7
8,6,8,1,986.7
8,6,9,1,986.9
8,6,10,1,987.0
8,6,11,1,987.2
8,6,12,1,987.3
8,6,13,1,987.5
8,6,14,1,987.7
8,6,15,1,987.9
8,6,16,1,988.0
8,6,17,1,988.2
8,6,18,1,988.4
8,6,19,1,988.5
8,6,20,1,988.6
8,6,21,1,988.7
8,6,22,1,988.8
8,6,23,1,988.9
8,7,0,1,989.0
8,7,1,1,989.1
8,7,3,1,989.2
8,7,4,1,989.3
8,7,5,1,989.4
8,7,6,1,989.5
8,7,7,1,989.5
8,7,8,1,989.6
8,7,9,1,989.8
8,7,10,1,989.9
8,7,11,1,990.1
8,7,12,1,990.2
8,7,13,1,990.4
8,7,14,1,990.5
8,7,15,1,990.7
8,7,16,1,990.8
8,7,17,1,991.0
8,7,18,1,991.1
8,7,19,1,991.2
8,7,20,1,991.3
8,7,21,1,991.4
8,7,22,1,991.5
8,7,23,1,991.6
8,8,0,0,991.7
8,8,1,0,991.8
8,8,2,0,991.8
8,9,5,0,994.2
8,9,6,0,994.3
8,9,7,0,994.4
8,9,8,0,994.5
8,9,9,0,994.5
8,9,10,0,994.6
8,9,11,0,994.7
8,9,12,0,994.8
8,9,13,0,994.9
8,9,14,0,995.0
8,9,15,0,995.1
8,9,16,0,995.2
8,9,17,0,995.3
8,9,18,0,995.4
8,9,19,0,995.5
8,9,20,0,995.6
8,9,21,0,995.6
8,9,22,0,995.7
8,9,23,0,995.8
8,10,0,1,995.9
8,10,1,1,996.0
8,10,2,1,996.1
8,10,3,1,996.2
8,10,4,1,996.2
8,11,7,1,999.5
8,11,8,1,999.6
8,11,9,1,999.7
8,11,10,1,999.8
8,11,11,1,0.0
8,11,12,1,0.2
8,11,13,1,0.3
8,11,14,1,0.5
8,11,15,1,0.6
8,11,16,1,0.8
8,11,17,1,1.0
8,11,18,1,1.1
8,11,19,1,1.2
8,11,20,1,1.3
8,11,21,1,1.4
8,11,22,1,1.5
8,11,23,1,1.6
8,12,0,1,1.7
8,12,1,1,1.8
8,12,2,1,1.9
8,12,3,1,1.9
8,12,4,1,2.0
8,12,5,1,2.1
8,12,6,1,2.2
8,12,8,1,2.4
8,12,9,1,2.5
8,12,10,1,2.7
8,12,11,1,2.8
8,12,12,1,3.0
8,12,13,1,3.2
8,12,14,1,3.3
8,12,15,1,3.5
8,12,16,1,3.7
8,12,17,1,3.9
8,12,18,1,4.1
8,12,19,1,4.2
8,12,20,1,4.3
8,12,21,1,4.4
8,12,22,1,4.5
8,12,23,1,4.6
8,13,0,1,4.7
8,13,1,1,4.8
8,13,2,1,4.8
8,13,3,1,4.9
8,13,4,1,5.0
8,13,5,1,5.1
8,13,6,1,5.2
8,13,7,1,5.3
8,13,9,1,5.5
8,13,10,1,5.7
8,13,11,1,5.9
8,13,12,1,6.0
8,13,13,1,6.2
8,13,14,1,6.4
8,13,15,1,6.5
8,13,16,1,6.7
8,13,17,1,6.9
8,13,18,1,7.0
8,13,19,1,7.2
8,13,20,1,7.3
8,13,21,1,7.4
8,13,22,1,7.5
8,13,23,1,7.5
8,14,0,1,7.6
8,14,1,1,7.7
8,14,2,1,7.8
8,14,3,1,7.9
8,14,4,1,8.0
8,14,5,1,8.0
8,14,6,1,8.1
8,14,7,1,8.2
8,14,8,1,8.3
8,15,11,0,11.5
8,15,12,0,11.6
8,15,13,0,11.7
8,15,14,0,11.8
8,15,15,0,12.0
8,15,16,0,12.1
8,15,17,0,12.2
8,15,18,0,12.3
8,15,19,0,12.4
8,15,20,0,12.5
8,15,21,0,12.6
8,15,22,0,12.7
8,15,23,0,12.7
8,16,0,0,12.8
8,16,1,0,12.9
8,16,2,0,13.0
8,16,3,0,13.1
8,16,4,0,13.1
8,16,5,0,13.2
8,16,6,0,13.3
8,16,7,0,13.4
8,16,8,0,13.5
8,16,9,0,13.6
8,16,10,0,13.7
8,16,12,0,13.9
8,16,13,0,14.0
8,16,14,0,14.1
8,16,15,0,14.2
8,16,16,0,14.3
8,16,17,0,14.3
8,16,18,0,14.4
8,16,19,0,14.5
8,16,20,0,14.6
8,16,21,0,14.7
8,16,22,0,14.8
8,16,23,0,14.9
8,17,0,1,15.0
8,17,1,1,15.1
8,17,2,1,15.1
8,17,3,1,15.2
8,17,4,1,15.3
8,17,5,1,15.4
8,17,6,1,15.5
8,17,7,1,15.5
8,17,8,1,15.6
8,17,9,1,15.7
8,17,10,1,15.8
8,17,11,1,15.9
8,17,13,1,16.1
8,17,14,1,16.2
8,17,15,1,16.3
8,17,16,1,16.3
8,17,17,1,16.4
8,17,18,1,16.5
8,17,19,1,16.6
8,17,20,1,16.7
8,17,21,1,16.8
8,17,22,1,16.9
8,17,23,1,17.0
8,18,0,1,17.1
8,18,1,1,17.2
8,18,2,1,17.2
8,18,3,1,17.3
8,18,4,1,17.4
8,18,5,1,17.5
8,18,6,1,17.5
8,18,7,1,17.6
8,18,8,1,17.7
8,18,9,1,17.9
8,18,10,1,18.1
8,18,11,1,18.3
8,18,12,1,18.5
8,21,15,1,27.9
8,21,16,1,28.1
8,21,17,1,28.3
8,21,18,1,28.4
8,21,19,1,28.5
8,21,20,1,28.6
8,21,21,1,28.7
8,21,22,1,28.8
8,21,23,1,28.9
8,22,0,0,29.0
8,22,1,0,29.1
8,22,2,0,29.2
8,22,3,0,29.3
8,22,4,0,29.3
8,22,5,0,29.4
8,22,6,0,29.5
8,22,7,0,29.6
8,22,8,0,29.6
8,22,9,0,29.7
8,22,10,0,29.8
8,22,11,0,29.9
8,22,12,0,30.0
8,22,13,0,30.1
8,22,14,0,30.2
8,22,16,0,30.4
8,22,17,0,30.5
8,22,18,0,30.6
8,22,19,0,30.6
8,22,20,0,30.7
8,22,21,0,30.8
8,22,22,0,30.9
8,22,23,0,31.0
8,23,0,0,31.1
8,23,1,0,31.2
8,23,2,0,31.2
8,23,3,0,31.3
8,23,4,0,31.4
8,23,5,0,31.5
8,23,6,0,31.5
8,23,7,0,31.6
8,23,8,0,31.7
8,23,9,0,31.8
8,23,10,0,31.9
8,23,11,0,31.9
8,23,12,0,32.0
8,23,13,0,32.1
8,23,14,0,32.2
8,23,15,0,32.3
8,23,17,0,32.5
8,23,18,0,32.6
8,23,19,0,32.7
8,23,20,0,32.8
8,23,21,0,32.8
8,23,22,0,32.9
8,23,23,0,33.0
8,24,0,1,33.1
8,24,1,1,33.2
8,24,2,1,33.3
8,24,3,1,33.3
8,24,4,1,33.4
8,24,5,1,33.5
8,24,6,1,33.6
8,24,7,1,33.6
8,24,8,1,33.7
8,24,9,1,33.9
8,24,10,1,34.0
8,24,11,1,34.2
8,24,12,1,34.4
8,24,13,1,34.6
8,24,14,1,34.8
8,24,15,1,35.0
8,24,16,1,35.1
8,25,19,1,38.9
8,25,20,1,39.1
8,25,21,1,39.2
8,25,22,1,39.3
8,25,23,1,39.4
8,26,0,1,39.4
8,26,1,1,39.5
8,26,2,1,39.6
8,26,3,1,39.7
8,26,4,1,39.8
8,26,5,1,39.8
8,26,6,1,39.9
8,26,7,1,40.0
8,26,8,1,40.1
8,26,9,1,40.3
8,26,10,1,40.4
8,26,11,1,40.6
8,26,12,1,40.7
8,26,13,1,40.9
8,26,14,1,41.0
8,26,15,1,41.2
8,26,16,1,41.3
8,26,17,1,41.4
8,26,18,1,41.6
8,26,20,1,41.8
8,26,21,1,41.9
8,26,22,1,42.0
8,26,23,1,42.1
8,27,0,1,42.2
8,27,1,1,42.2
8,27,2,1,42.3
8,27,3,1,42.4
8,27,4,1,42.5
8,27,5,1,42.6
8,27,6,1,42.7
8,27,7,1,42.7
8,27,8,1,42.8
8,27,9,1,43.0
8,27,10,1,43.1
8,27,11,1,43.3
8,27,12,1,43.5
8,27,13,1,43.6
8,27,14,1,43.8
8,27,15,1,44.0
8,27,16,1,44.1
8,27,17,1,44.3
8,27,18,1,44.4
8,27,19,1,44.6
8,27,21,1,44.8
8,27,22,1,44.9
8,27,23,1,45.0
8,28,0,1,45.0
8,28,1,1,45.1
8,28,2,1,45.2
8,28,3,1,45.3
8,28,4,1,45.4
8,28,5,1,45.4
8,28,6,1,45.5
8,28,7,1,45.6
8,28,8,1,45.7
8,28,9,1,45.8
8,28,10,1,46.0
8,28,11,1,46.1
8,28,12,1,46.3
8,28,13,1,46.4
8,28,14,1,46.6
8,28,15,1,46.7
8,28,16,1,46.9
8,28,17,1,47.0
8,28,18,1,47.2
8,28,19,1,47.3
8,28,20,1,47.4
8,29,23,0,49.7
8,30,0,0,49.8
8,30,1,0,49.8
8,30,2,0,49.9
8,30,3,0,50.0
8,30,4,0,50.1
8,30,5,0,50.1
8,30,6,0,50.2
8,30,7,0,50.3
8,30,8,0,50.3
8,30,9,0,50.4
8,30,10,0,50.5
8,30,11,0,50.6
8,30,12,0,50.7
8,30,13,0,50.8
8,30,14,0,50.9
8,30,15,0,51.0
8,30,16,0,51.1
8,30,17,0,51.1
8,30,18,0,51.2
8,30,19,0,51.3
8,30,20,0,51.4
8,30,21,0,51.5
8,30,22,0,51.6
8,31,0,1,51.7
8,31,1,1,51.8
8,31,2,1,51.9
8,31,3,1,52.0
8,31,4,1,52.0
8,31,5,1,52.1
8,31,6,1,52.2
8,31,7,1,52.3
8,31,8,1,52.4
8,31,9,1,52.5
8,31,10,1,52.7
8,31,11,1,52.9
8,31,12,1,53.0
8,31,13,1,53.2
8,31,14,1,53.4
8,31,15,1,53.6
8,31,16,1,53.8
8,31,17,1,53.9
8,31,18,1,54.1
8,31,19,1,54.2
8,31,20,1,54.3
8,31,21,1,54.4
8,31,22,1,54.5
8,31,23,1,54.6
9,1,1,1,54.8
9,1,2,1,54.9
9,1,3,1,55.0
9,1,4,1,55.0
9,1,5,1,55.1
9,1,6,1,55.2
9,1,7,1,55.3
9,1,8,1,55.4
9,1,9,1,55.5
9,1,10,1,55.7
9,1,11,1,55.8
9,1,12,1,56.0
9,1,13,1,56.1
9,1,14,1,56.3
9,1,15,1,56.4
9,1,16,1,56.6
9,1,17,1,56.7
9,1,18,1,56.9
9,1,19,1,57.0
9,1,20,1,57.1
9,1,21,1,57.2
9,1,22,1,57.3
9,1,23,1,57.4
9,2,0,1,57.5
9,2,2,1,57.6
9,2,3,1,57.7
9,2,4,1,57.8
9,2,5,1,57.9
9,2,6,1,58.0
9,2,7,1,58.0
9,2,8,1,58.1
9,2,9,1,58.3
9,2,10,1,58.4
9,2,11,1,58.6
9,2,12,1,58.7
9,2,13,1,58.9
9,2,14,1,59.0
9,2,15,1,59.2
9,2,16,1,59.3
9,2,17,1,59.5
9,2,18,1,59.6
9,2,19,1,59.8
9,2,20,1,59.9
9,2,21,1,60.0
9,2,22,1,60.1
9,2,23,1,60.2
9,3,0,1,60.2
9,3,1,1,60.3
9,3,3,1,60.5
9,3,4,1,60.6
9,3,5,1,60.7
9,3,6,1,60.7
9,3,7,1,60.8
9,3,8,1,60.9
9,3,9,1,61.0
9,3,10,1,61.2
9,3,11,1,61.3
9,3,12,1,61.5
9,3,13,1,61.6
9,3,14,1,61.8
9,3,15,1,61.9
9,3,16,1,62.1
9,3,17,1,62.3
9,3,18,1,62.4
9,3,19,1,62.5
9,3,20,1,62.6
9,3,21,1,62.7
9,3,22,1,62.8
9,3,23,1,62.9
9,4,0,1,63.0
9,4,1,1,63.1
9,4,2,1,63.2
9,5,5,0,66.1
9,5,6,0,66.2
9,5,7,0,66.3
9,5,8,0,66.3
9,5,9,0,66.4
9,5,10,0,66.5
9,5,11,0,66.6
9,5,12,0,66.7
9,5,13,0,66.8
9,5,14,0,66.9
9,5,15,0,67.0
9,5,16,0,67.1
9,5,17,0,67.2
9,5,18,0,67.3
9,5,19,0,67.4
9,5,20,0,67.4
9,5,21,0,67.5
9,5,22,0,67.6
9,5,23,0,67.7
9,6,0,0,67.8
9,6,1,0,67.9
9,6,2,0,68.0
9,6,3,0,68.0
9,6,4,0,68.1
9,6,6,0,68.3
9,6,7,0,68.3
9,6,8,0,68.4
9,6,9,0,68.5
9,6,10,0,68.6
9,6,11,0,68.7
9,6,12,0,68.8
9,6,13,0,68.8
9,6,14,0,68.9
9,6,15,0,69.0
9,6,16,0,69.1
9,6,17,0,69.2
9,6,18,0,69.3
9,6,19,0,69.4
9,6,20,0,69.5
9,6,21,0,69.6
9,6,22,0,69.7
9,6,23,0,69.7
9,7,0,1,69.8
9,7,1,1,69.9
9,7,2,1,70.0
9,7,3,1,70.0
9,7,4,1,70.1
9,7,5,1,70.2
9,7,7,1,70.4
9,7,8,1,70.5
9,7,9,1,70.6
9,7,10,1,70.7
9,7,11,1,70.9
9,7,12,1,71.0
9,7,13,1,71.2
9,7,14,1,71.3
9,7,15,1,71.5
9,7,16,1,71.6
9,7,17,1,71.7
9,7,18,1,71.9
9,7,19,1,72.0
9,7,20,1,72.1
9,7,21,1,72.2
9,7,22,1,72.3
9,7,23,1,72.4
9,8,0,1,72.5
9,8,1,1,72.6
9,8,2,1,72.7
9,8,3,1,72.7
9,8,4,1,72.8
9,8,5,1,72.9
9,8,6,1,73.0
9,9,9,1,76.2
9,9,10,1,76.3
9,9,11,1,76.5
9,9,12,1,76.6
9,9,13,1,76.8
9,9,14,1,76.9
9,9,15,1,77.1
9,9,16,1,77.2
9,9,17,1,77.4
9,9,18,1,77.5
9,9,19,1,77.7
9,9,20,1,77.8
9,9,21,1,77.9
9,9,22,1,78.0
9,9,23,1,78.1
9,10,0,1,78.1
9,10,1,1,78.2
9,10,2,1,78.3
9,10,3,1,78.4
9,10,4,1,78.5
9,10,5,1,78.6
9,10,6,1,78.6
9,10,7,1,78.7
9,10,8,1,78.8
9,11,11,1,82.6
9,11,12,1,82.8
9,11,13,1,82.9
9,11,14,1,83.1
9,11,15,1,83.3
9,11,16,1,83.5
9,11,17,1,83.6
9,11,18,1,83.8
9,11,19,1,83.9
9,11,20,1,84.1
9,11,21,1,84.2
9,11,22,1,84.3
9,11,23,1,84.4
9,12,0,0,84.5
9,12,1,0,84.6
9,12,2,0,84.7
9,12,3,0,84.8
9,12,4,0,84.9
9,12,5,0,85.0
9,12,6,0,85.1
9,12,7,0,85.2
9,12,8,0,85.3
9,12,9,0,85.5
9,12,10,0,85.6
9,12,12,0,85.8
9,12,13,0,86.0
9,12,14,0,86.1
9,12,15,0,86.2
9,12,16,0,86.4
9,12,17,0,86.5
9,12,18,0,86.6
9,12,19,0,86.7
9,12,20,0,86.9
9,12,21,0,87.0
9,12,22,0,87.1
9,12,23,0,87.2
9,13,0,0,87.3
9,13,1,0,87.4
9,13,2,0,87.5
9,13,3,0,87.6
9,13,4,0,87.7
9,13,5,0,87.8
9,13,6,0,87.9
9,13,7,0,87.9
9,13,8,0,88.1
9,13,9,0,88.2
9,13,10,0,88.3
9,13,11,0,88.4
9,13,13,0,88.7
9,13,14,0,88.8
9,13,15,0,88.9
9,13,16,0,89.1
9,13,17,0,89.2
9,13,18,0,89.3
9,13,19,0,89.4
9,13,20,0,89.6
9,13,21,0,89.7
9,13,22,0,89.8
9,13,23,0,89.9
9,14,0,1,90.0
9,14,1,1,90.1
9,14,2,1,90.2
9,14,3,1,90.3
9,14,4,1,90.4
9,14,5,1,90.5
9,14,6,1,90.5
9,14,7,1,90.6
9,14,8,1,90.8
9,14,9,1,90.9
9,14,10,1,91.1
9,14,11,1,91.3
9,14,12,1,91.5
9,15,15,1,95.5
9,15,16,1,95.7
9,15,17,1,95.9
9,15,18,1,96.1
9,15,19,1,96.2
9,15,20,1,96.4
9,15,21,1,96.5
9,15,22,1,96.6
9,15,23,1,96.7
9,16,0,1,96.8
9,16,1,1,96.9
9,16,2,1,97.0
9,16,3,1,97.1
9,16,4,1,97.2
9,16,5,1,97.3
9,16,6,1,97.4
9,16,7,1,97.5
9,16,8,1,97.6
9,16,9,1,97.8
9,16,10,1,97.9
9,16,11,1,98.1
9,16,12,1,98.3
9,16,13,1,98.5
9,16,14,1,98.7
9,16,16,1,99.1
9,16,17,1,99.4
9,16,18,1,99.6
9,16,19,1,99.7
9,16,20,1,99.9
9,16,21,1,100.0
9,16,22,1,100.1
9,16,23,1,100.2
9,17,0,1,100.3
9,17,1,1,100.4
9,17,2,1,100.5
9,17,3,1,100.6
9,17,4,1,100.7
9,17,5,1,100.8
9,17,6,1,100.9
9,17,7,1,101.0
9,17,8,1,101.1
9,17,9,1,101.3
9,17,10,1,101.5
9,17,11,1,101.7
9,17,12,1,101.9
9,17,13,1,102.1
9,17,14,1,102.3
9,17,15,1,102.4
9,17,17,1,102.8
9,17,18,1,103.0
9,17,19,1,103.1
9,17,20,1,103.3
9,17,21,1,103.4
9,17,22,1,103.5
9,17,23,1,103.6
9,18,0,1,103.7
9,18,1,1,103.8
9,18,2,1,103.9
9,18,3,1,104.0
9,18,4,1,104.1
9,18,5,1,104.2
9,18,6,1,104.3
9,18,7,1,104.4
9,18,8,1,104.5
9,18,9,1,104.7
9,18,10,1,104.9
9,18,11,1,105.0
9,18,12,1,105.2
9,18,13,1,105.4
9,18,14,1,105.6
9,18,15,1,105.7
9,18,16,1,105.9
9,19,19,0,109.2
9,19,20,0,109.4
9,19,21,0,109.5
9,19,22,0,109.6
9,19,23,0,109.7
9,20,0,0,109.8
9,20,1,0,109.9
9,20,2,0,110.0
9,20,3,0,110.1
9,20,4,0,110.2
9,20,5,0,110.3
9,20,6,0,110.4
9,20,7,0,110.5
9,20,8,0,110.6
9,20,9,0,110.7
9,20,10,0,110.8
9,20,11,0,110.9
9,20,12,0,111.1
9,20,13,0,111.2
9,20,14,0,111.3
9,20,15,0,111.5
9,20,16,0,111.6
9,20,17,0,111.8
9,20,18,0,112.0
9,21,21,1,115.6
9,21,22,1,115.7
9,21,23,1,115.8
9,22,0,1,115.9
9,22,1,1,116.0
9,22,2,1,116.1
9,22,3,1,116.2
9,22,4,1,116.3
9,22,5,1,116.4
9,22,6,1,116.5
9,22,7,1,116.6
9,22,8,1,116.7
9,22,9,1,116.9
9,22,10,1,117.0
9,22,11,1,117.2
9,22,12,1,117.4
9,22,13,1,117.6
9,22,14,1,117.8
9,22,15,1,117.9
9,22,16,1,118.1
9,22,17,1,118.3
9,22,18,1,118.5
9,22,19,1,118.6
9,22,20,1,118.8
9,22,22,1,119.0
9,22,23,1,119.1
9,23,0,1,119.2
9,23,1,1,119.3
9,23,2,1,119.4
9,23,3,1,119.5
9,23,4,1,119.6
9,23,5,1,119.7
9,23,6,1,119.8
9,23,7,1,119.8
9,23,8,1,120.0
9,23,9,1,120.1
9,23,10,1,120.3
9,23,11,1,120.5
9,23,12,1,120.7
9,23,13,1,120.8
9,23,14,1,121.0
9,23,15,1,121.2
9,23,16,1,121.4
9,23,17,1,121.6
9,23,18,1,121.8
9,23,19,1,122.0
9,23,20,1,122.1
9,23,21,1,122.2
9,23,23,1,122.5
9,24,0,1,122.6
9,24,1,1,122.6
9,24,2,1,122.7
9,24,3,1,122.8
9,24,4,1,122.9
9,24,5,1,123.0
9,24,6,1,123.1
9,24,7,1,123.2
9,24,8,1,123.3
9,24,9,1,123.5
9,24,10,1,123.6
9,24,11,1,123.8
9,24,12,1,124.0
9,24,13,1,124.2
9,24,14,1,124.3
9,24,15,1,124.5
9,24,16,1,124.7
9,24,17,1,124.9
9,24,18,1,125.0
9,24,19,1,125.2
9,24,20,1,125.3
9,24,21,1,125.4
9,24,22,1,125.6
9,25,0,1,125.8
9,25,1,1,125.9
9,25,2,1,126.0
9,25,3,1,126.1
9,25,4,1,126.2
9,25,5,1,126.3
9,25,6,1,126.3
9,25,7,1,126.4
9,25,8,1,126.6
9,25,9,1,126.7
9,25,10,1,126.9
9,25,11,1,127.1
9,25,12,1,127.4
9,25,13,1,127.6
9,25,14,1,127.8
9,25,15,1,128.0
9,25,16,1,128.3
9,25,17,1,128.5
9,25,18,1,128.7
9,25,19,1,128.9
9,25,20,1,129.0
9,25,21,1,129.1
9,25,22,1,129.2
9,25,23,1,129.3
9,26,1,0,129.5
9,26,2,0,129.6
9,26,3,0,129.7
9,26,4,0,129.8
9,26,5,0,129.9
9,26,6,0,130.0
9,26,7,0,130.1
9,26,8,0,130.2
9,26,9,0,130.3
9,26,10,0,130.4
9,26,11,0,130.6
9,26,12,0,130.7
9,26,13,0,130.8
9,26,14,0,130.9
9,26,15,0,131.1
9,26,16,0,131.2
9,26,17,0,131.3
9,26,18,0,131.4
9,26,19,0,131.5
9,26,20,0,131.6
9,26,21,0,131.7
9,26,22,0,131.8
9,26,23,0,131.9
9,27,0,0,132.0
9,27,2,0,132.2
9,27,3,0,132.3
9,27,4,0,132.4
9,27,5,0,132.5
9,27,6,0,132.6
9,27,7,0,132.7
9,27,8,0,132.8
9,27,9,0,132.9
9,27,10,0,133.0
9,27,11,0,133.1
9,27,12,0,133.2
9,27,13,0,133.4
9,27,14,0,133.5
9,27,15,0,133.6
9,27,16,0,133.7
9,27,17,0,133.8
9,27,18,0,134.0
9,27,19,0,134.1
9,27,20,0,134.2
9,27,21,0,134.3
9,27,22,0,134.4
9,27,23,0,134.5
9,28,0,1,134.6
9,28,1,1,134.7
9,29,4,1,138.2
9,29,5,1,138.3
9,29,6,1,138.4
9,29,7,1,138.5
9,29,8,1,138.6
9,29,9,1,138.7
9,29,10,1,138.9
9,29,11,1,139.1
9,29,12,1,139.3
9,29,13,1,139.4
9,29,14,1,139.6
9,29,15,1,139.8
9,29,16,1,140.0
9,29,17,1,140.1
9,29,18,1,140.3
9,29,19,1,140.4
9,29,20,1,140.6
9,29,21,1,140.7
9,29,22,1,140.8
9,29,23,1,140.9
9,30,0,1,141.0
9,30,1,1,141.1
9,30,2,1,141.1
9,30,3,1,141.2
10,1,6,1,144.1
10,1,7,1,144.2
10,1,8,1,144.3
10,1,9,1,144.4
10,1,10,1,144.6
10,1,11,1,144.7
10,1,12,1,144.8
10,1,13,1,144.9
10,1,14,1,145.0
10,1,15,1,145.1
10,1,16,1,145.3
10,1,17,1,145.4
10,1,18,1,145.5
10,1,19,1,145.6
10,1,20,1,145.7
10,1,21,1,145.8
10,1,22,1,145.9
10,1,23,1,146.0
10,2,0,1,146.1
10,2,1,1,146.2
10,2,2,1,146.3
10,2,3,1,146.4
10,2,4,1,146.5
10,2,5,1,146.6
10,2,7,1,146.8
10,2,8,1,146.9
10,2,9,1,147.0
10,2,10,1,147.1
10,2,11,1,147.2
10,2,12,1,147.3
10,2,13,1,147.5
10,2,14,1,147.6
10,2,15,1,147.7
10,2,16,1,147.8
10,2,17,1,147.9
10,2,18,1,148.1
10,2,19,1,148.2
10,2,20,1,148.3
10,2,21,1,148.4
10,2,22,1,148.5
10,2,23,1,148.6
10,3,0,0,148.7
10,3,1,0,148.8
10,3,2,0,148.9
10,3,3,0,148.9
10,3,4,0,149.0
10,3,5,0,149.1
10,3,6,0,149.2
10,3,8,0,149.4
10,3,9,0,149.5
10,3,10,0,149.7
10,3,11,0,149.8
10,3,12,0,149.9
10,3,13,0,150.0
10,3,14,0,150.1
10,3,15,0,150.2
10,3,16,0,150.4
10,3,17,0,150.5
10,3,18,0,150.6
10,3,19,0,150.7
10,3,20,0,150.8
10,3,21,0,150.9
10,3,22,0,151.0
10,3,23,0,151.1
10,4,0,0,151.2
10,4,1,0,151.3
10,4,2,0,151.4
10,4,3,0,151.5
10,4,4,0,151.6
10,4,5,0,151.7
10,4,6,0,151.8
10,4,7,0,151.9
10,5,10,1,154.9
10,5,11,1,155.0
10,5,12,1,155.2
10,5,13,1,155.4
10,5,14,1,155.5
10,5,15,1,155.7
10,5,16,1,155.9
10,5,17,1,156.0
10,5,18,1,156.2
10,5,19,1,156.3
10,5,20,1,156.5
10,5,21,1,156.6
10,5,22,1,156.7
10,5,23,1,156.8
10,6,0,1,156.9
10,6,1,1,157.0
10,6,2,1,157.0
10,6,3,1,157.1
10,6,4,1,157.2
10,6,5,1,157.3
10,6,6,1,157.4
10,6,7,1,157.5
10,6,8,1,157.6
10,6,9,1,157.7
10,6,11,1,158.1
10,6,12,1,158.3
10,6,13,1,158.5
10,6,14,1,158.6
10,6,15,1,158.8
10,6,16,1,159.0
10,6,17,1,159.2
10,6,18,1,159.3
10,6,19,1,159.5
10,6,20,1,159.6
10,6,21,1,159.7
10,6,22,1,159.8
10,6,23,1,159.9
10,7,0,1,160.0
10,7,1,1,160.1
10,7,2,1,160.2
10,7,3,1,160.3
10,7,4,1,160.4
10,7,5,1,160.5
10,7,6,1,160.6
10,7,7,1,160.7
10,7,8,1,160.8
10,7,9,1,160.9
10,7,10,1,161.1
10,7,12,1,161.5
10,7,13,1,161.6
10,7,14,1,161.8
10,7,15,1,162.0
10,7,16,1,162.2
10,7,17,1,162.4
10,7,18,1,162.5
10,7,19,1,162.7
10,7,20,1,162.8
10,7,21,1,163.0
10,7,22,1,163.1
10,7,23,1,163.2
10,8,0,1,163.3
10,8,1,1,163.4
10,8,2,1,163.5
10,8,3,1,163.6
10,8,4,1,163.6
10,8,5,1,163.7
10,8,6,1,163.8
10,8,7,1,163.9
10,8,8,1,164.0
10,8,9,1,164.2
10,8,10,1,164.3
10,8,11,1,164.5
10,9,14,1,167.9
10,9,15,1,168.0
10,9,16,1,168.2
10,9,17,1,168.3
10,9,18,1,168.4
10,9,19,1,168.5
10,9,20,1,168.7
10,9,21,1,168.7
10,9,22,1,168.8
10,9,23,1,168.9
10,10,0,0,169.0
10,10,1,0,169.1
10,10,2,0,169.2
10,10,3,0,169.3
10,10,4,0,169.4
10,10,5,0,169.5
10,10,6,0,169.6
10,10,7,0,169.7
10,10,8,0,169.8
10,10,9,0,169.9
10,10,10,0,170.0
10,10,11,0,170.1
10,10,12,0,170.3
10,10,13,0,170.4
10,11,16,0,173.4
10,11,17,0,173.5
10,11,18,0,173.6
10,11,19,0,173.7
10,11,20,0,173.8
10,11,21,0,173.9
10,11,22,0,174.0
10,11,23,0,174.1
10,12,0,1,174.3
10,12,1,1,174.4
10,12,2,1,174.5
10,12,3,1,174.5
10,12,4,1,174.6
10,12,5,1,174.7
10,12,6,1,174.8
10,12,7,1,174.9
10,12,8,1,175.1
10,12,9,1,175.2
10,12,10,1,175.4
10,12,11,1,175.6
10,12,12,1,175.8
10,12,13,1,175.9
10,12,14,1,176.1
10,12,15,1,176.3
10,12,17,1,176.6
10,12,18,1,176.8
10,12,19,1,177.0
10,12,20,1,177.1
10,12,21,1,177.2
10,12,22,1,177.3
10,12,23,1,177.5
10,13,0,1,177.6
10,13,1,1,177.7
10,13,2,1,177.8
10,13,3,1,177.9
10,13,4,1,178.0
10,13,5,1,178.1
10,13,6,1,178.2
10,13,7,1,178.3
10,13,8,1,178.4
10,13,9,1,178.6
10,13,10,1,178.7
10,13,11,1,178.9
10,13,12,1,179.1
10,13,13,1,179.3
10,13,14,1,179.5
10,13,15,1,179.6
10,13,16,1,179.8
10,13,18,1,180.2
10,13,19,1,180.3
10,13,20,1,180.5
10,13,21,1,180.6
10,13,22,1,180.7
10,13,23,1,180.8
10,14,0,1,180.9
10,14,1,1,181.0
10,14,2,1,181.1
10,14,3,1,181.2
10,14,4,1,181.3
10,14,5,1,181.4
10,14,6,1,181.5
10,14,7,1,181.6
10,14,8,1,181.7
10,14,9,1,181.9
10,14,10,1,182.1
10,14,11,1,182.3
10,14,12,1,182.5
10,14,13,1,182.6
10,14,14,1,182.8
10,14,15,1,183.0
10,14,16,1,183.2
10,14,17,1,183.4
10,15,20,1,183.8
10,15,21,1,183.9
10,15,22,1,184.0
10,15,23,1,184.1
10,16,0,1,180.9
10,16,1,1,181.0
10,16,2,1,181.1
10,16,3,1,181.2
10,16,4,1,181.3
10,16,5,1,181.4
10,16,6,1,181.5
10,16,7,1,181.6
10,16,8,1,181.7
10,16,9,1,181.9
10,16,10,1,182.1
10,16,11,1,182.3
10,16,12,1,182.5
10,16,13,1,182.6
10,16,14,1,182.8
10,16,15,1,183.0
10,16,16,1,183.2
10,16,17,1,183.4
10,16,18,1,183.5
10,16,19,1,183.7
10,16,21,1,183.9
10,16,22,1,184.0
10,16,23,1,184.1
10,17,0,0,190.5
10,17,1,0,190.6
10,17,2,0,190.7
10,17,3,0,190.8
10,17,4,0,190.9
10,17,5,0,190.9
10,17,6,0,191.0
10,17,7,0,191.1
10,17,8,0,191.2
10,17,9,0,191.3
10,17,10,0,191.5
10,17,11,0,191.6
10,17,12,0,191.7
10,17,13,0,191.8
10,17,14,0,191.9
10,17,15,0,192.1
10,17,16,0,192.2
10,17,17,0,192.3
10,17,18,0,192.4
10,17,19,0,192.5
10,17,20,0,192.6
10,17,22,0,192.8
10,17,23,0,192.9
10,18,0,0,193.0
10,18,1,0,193.1
10,18,2,0,193.2
10,18,3,0,193.3
10,18,4,0,193.4
10,18,5,0,193.5
10,18,6,0,193.6
10,18,7,0,193.6
10,18,8,0,193.7
10,18,9,0,193.9
10,18,10,0,194.0
10,18,11,0,194.1
10,18,12,0,194.2
10,18,13,0,194.3
10,18,14,0,194.4
10,18,15,0,194.5
10,18,16,0,194.7
10,18,17,0,194.8
10,18,18,0,194.9
10,18,19,0,195.0
10,18,20,0,195.1
10,18,21,0,195.2
10,21,1,1,201.9
10,21,2,1,202.0
10,21,3,1,202.1
10,21,4,1,202.2
10,21,5,1,202.3
10,21,6,1,202.4
10,21,7,1,202.5
10,21,8,1,202.6
10,21,9,1,202.7
10,21,10,1,202.9
10,21,11,1,203.1
10,21,12,1,203.3
10,21,13,1,203.4
10,21,14,1,203.6
10,21,15,1,203.8
10,21,16,1,203.9
10,21,17,1,204.1
10,21,18,1,204.3
10,21,19,1,204.5
10,21,20,1,204.6
10,21,21,1,204.7
10,21,22,1,204.8
10,21,23,1,204.9
10,22,0,1,205.0
10,22,2,1,205.2
10,22,3,1,205.3
10,22,4,1,205.4
10,22,5,1,205.5
10,22,6,1,205.6
10,22,7,1,205.7
10,22,8,1,205.9
10,22,9,1,206.0
10,22,10,1,206.2
10,22,11,1,206.4
10,22,12,1,206.6
10,22,13,1,206.7
10,22,14,1,206.9
10,22,15,1,207.1
10,22,16,1,207.3
10,22,17,1,207.5
10,22,18,1,207.7
10,22,19,1,207.9
10,22,20,1,208.1
10,22,21,1,208.2
10,22,22,1,208.3
10,22,23,1,208.4
10,23,0,1,208.6
10,23,1,1,208.7
10,23,3,1,209.0
10,23,4,1,209.1
10,23,5,1,209.2
10,23,6,1,209.3
10,23,7,1,209.4
10,23,8,1,209.5
10,23,9,1,209.7
10,23,10,1,209.8
10,23,11,1,210.0
10,23,12,1,210.2
10,23,13,1,210.4
10,23,14,1,210.5
10,23,15,1,210.7
10,23,16,1,210.9
10,23,17,1,211.1
10,23,18,1,211.3
10,23,19,1,211.5
10,23,20,1,211.7
10,23,21,1,211.8
10,23,22,1,211.9
10,23,23,1,212.0
10,24,0,0,212.1
10,24,1,0,212.2
10,24,2,0,212.3
10,25,5,0,215.4
10,25,6,0,215.5
10,25,7,0,215.6
10,25,8,0,215.7
10,25,9,0,215.8
10,25,10,0,215.9
10,25,11,0,216.0
10,25,12,0,216.1
10,25,13,0,216.2
10,25,14,0,216.4
10,25,15,0,216.5
10,25,16,0,216.6
10,25,17,0,216.7
10,25,18,0,216.8
10,25,19,0,217.0
10,25,20,0,217.1
10,25,21,0,217.2
10,25,22,0,217.3
10,25,23,0,217.4
10,26,0,1,217.5
10,26,1,1,217.6
10,26,2,1,217.7
10,26,3,1,217.8
10,26,4,1,217.9
10,26,6,1,218.1
10,26,7,1,218.2
10,26,8,1,218.3
10,26,9,1,218.4
10,26,10,1,218.6
10,26,11,1,218.8
10,26,12,1,219.0
10,26,13,1,219.2
10,26,14,1,219.4
10,26,15,1,219.6
10,26,16,1,219.8
10,26,17,1,220.0
10,26,18,1,220.1
10,26,19,1,220.3
10,26,20,1,220.5
10,26,21,1,220.6
10,26,22,1,220.7
10,26,23,1,220.8
10,27,0,1,220.9
10,27,1,1,221.1
10,27,2,1,221.2
10,27,3,1,221.3
10,27,4,1,221.4
10,27,5,1,221.5
10,27,7,1,221.7
10,27,8,1,221.8
10,27,9,1,222.0
10,27,10,1,222.2
10,27,11,1,222.4
10,27,12,1,222.6
10,27,13,1,222.8
10,27,14,1,223.0
10,27,15,1,223.2
10,27,16,1,223.4
10,27,17,1,223.6
10,27,18,1,223.8
10,27,19,1,223.9
10,27,20,1,224.1
10,27,21,1,224.2
10,27,22,1,224.3
10,27,23,1,224.4
10,28,0,1,224.5
10,28,1,1,224.6
10,28,2,1,224.7
10,28,3,1,224.8
10,28,4,1,224.9
10,28,5,1,225.0
10,28,6,1,225.1
10,29,9,1,228.7
10,29,10,1,228.9
10,29,11,1,229.1
10,29,12,1,229.3
10,29,13,1,229.5
10,29,14,1,229.6
10,29,15,1,229.9
10,29,16,1,230.1
10,29,17,1,230.3
10,29,18,1,230.5
10,29,19,1,230.7
10,29,20,1,230.9
10,29,21,1,231.0
10,29,22,1,231.1
10,29,23,1,231.2
10,30,0,1,231.3
10,30,1,1,231.4
10,30,2,1,231.5
10,30,3,1,231.6
10,30,4,1,231.7
10,30,5,1,231.8
10,30,6,1,231.9
10,30,7,1,232.0
10,30,8,1,232.1
10,31,11,0,235.7
10,31,12,0,235.9
10,31,13,0,236.0
10,31,14,0,236.1
10,31,15,0,236.3
10,31,16,0,236.4
10,31,17,0,236.6
10,31,18,0,236.8
10,31,19,0,237.0
10,31,20,0,237.1
10,31,21,0,237.3
10,31,22,0,237.4
10,31,23,0,237.4
11,1,0,0,237.5
11,1,1,0,237.6
11,1,2,0,237.7
11,1,3,0,237.8
11,1,4,0,237.9
11,1,5,0,238.0
11,1,6,0,238.1
11,1,7,0,238.2
11,1,8,0,238.3
11,1,9,0,238.4
11,1,10,0,238.5
11,1,12,0,238.8
11,1,13,0,238.9
11,1,14,0,239.0
11,1,15,0,239.1
11,1,16,0,239.3
11,1,17,0,239.4
11,1,18,0,239.5
11,1,19,0,239.6
11,1,20,0,239.7
11,1,21,0,239.8
11,1,22,0,239.9
11,1,23,0,240.0
11,2,0,1,240.1
11,2,1,1,240.2
11,2,2,1,240.3
11,2,3,1,240.4
11,2,4,1,240.5
11,2,5,1,240.6
11,2,6,1,240.7
11,2,7,1,240.8
11,2,8,1,241.0
11,2,9,1,241.1
11,2,10,1,241.3
11,2,11,1,241.5
11,2,13,1,241.9
11,2,14,1,242.0
11,2,15,1,242.2
11,2,16,1,242.4
11,2,17,1,242.6
11,2,18,1,242.8
11,2,19,1,242.9
11,2,20,1,243.1
11,2,21,1,243.2
11,2,22,1,243.3
11,2,23,1,243.4
11,3,0,1,243.5
11,3,1,1,243.6
11,3,2,1,243.7
11,3,3,1,243.8
11,3,4,1,243.9
11,3,5,1,244.0
11,3,6,1,244.1
11,3,7,1,244.2
11,3,8,1,244.3
11,3,9,1,244.5
11,3,10,1,244.7
11,3,11,1,244.9
11,3,12,1,245.1
11,3,14,1,245.5
11,3,15,1,245.7
11,3,16,1,245.9
11,3,17,1,246.2
11,3,18,1,246.4
11,3,19,1,246.6
11,3,20,1,246.8
11,3,21,1,247.0
11,3,22,1,247.1
11,3,23,1,247.2
11,4,0,1,247.3
11,4,1,1,247.4
11,4,2,1,247.5
11,4,3,1,247.6
11,4,4,1,247.7
11,4,5,1,247.8
11,4,6,1,247.9
11,4,7,1,248.0
11,4,8,1,248.1
11,4,9,1,248.3
11,4,10,1,248.4
11,4,11,1,248.6
11,4,12,1,248.8
11,4,13,1,249.0
11,5,16,1,253.0
11,5,17,1,253.2
11,5,18,1,253.4
11,5,19,1,253.6
11,5,20,1,253.8
11,5,21,1,253.9
11,5,22,1,254.1
11,5,23,1,254.2
11,6,0,1,254.3
11,6,1,1,254.4
11,6,2,1,254.5
11,6,3,1,254.6
11,6,4,1,254.7
11,6,5,1,254.8
11,6,6,1,254.9
11,6,7,1,255.0
11,6,8,1,255.1
11,6,9,1,255.2
11,6,10,1,255.4
11,6,11,1,255.6
11,6,12,1,255.8
11,6,13,1,255.9
11,6,14,1,256.1
11,6,15,1,256.3
11,6,17,1,256.6
11,6,18,1,256.8
11,6,19,1,256.9
11,6,20,1,257.0
11,6,21,1,257.1
11,6,22,1,257.2
11,6,23,1,257.3
11,10,0,1,265.1
11,10,1,1,265.2
11,10,2,1,265.3
11,10,3,1,265.4
11,10,4,1,265.5
11,10,5,1,265.6
11,10,6,1,265.7
11,10,7,1,265.8
11,10,8,1,265.9
11,10,9,1,266.0
11,10,10,1,266.2
11,10,11,1,266.4
11,10,12,1,266.6
11,10,13,1,266.8
11,10,14,1,267.0
11,10,15,1,267.2
11,10,16,1,267.4
11,11,19,1,271.3
11,11,20,1,271.4
11,11,21,1,271.6
11,11,22,1,271.7
11,11,23,1,271.8
6,22,0,1,860.9
6,22,1,1,861.0
6,22,2,1,861.1
6,22,3,1,861.2
6,22,4,1,861.3
6,22,5,1,861.4
6,22,6,1,861.4
6,22,7,1,861.5
6,22,8,1,861.6
6,22,9,1,861.8
6,22,10,1,861.9
6,22,11,1,862.1
6,22,12,1,862.3
6,22,13,1,862.4
6,22,14,1,862.6
6,22,15,1,862.7
6,22,16,1,862.9
6,22,17,1,863.1
6,22,18,1,863.3
6,22,20,1,863.5
6,22,21,1,863.6
6,22,22,1,863.7
6,22,23,1,863.8
6,23,0,1,863.9
6,23,1,1,864.0
6,23,2,1,864.1
6,23,3,1,864.2
6,23,4,1,864.3
6,23,5,1,864.3
6,23,6,1,864.4
6,23,7,1,864.5
6,23,8,1,864.6
6,23,9,1,864.8
6,23,10,1,864.9
6,23,11,1,865.1
6,23,12,1,865.3
6,23,13,1,865.4
6,23,14,1,865.6
6,23,15,1,865.8
6,23,16,1,865.9
6,23,17,1,866.1
6,23,18,1,866.3
6,23,19,1,866.4
6,23,21,1,866.6
6,23,22,1,866.7
6,23,23,1,866.8
6,24,0,1,866.9
6,24,1,1,867.0
6,24,2,1,867.1
6,24,3,1,867.2
6,24,4,1,867.3
6,24,5,1,867.4
6,24,6,1,867.5
6,24,7,1,867.5
6,24,8,1,867.6
6,24,9,1,867.8
6,24,10,1,868.0
6,24,11,1,868.1
6,24,12,1,868.3
6,24,13,1,868.4
6,24,14,1,868.6
6,24,15,1,868.8
6,24,16,1,869.0
6,24,17,1,869.1
6,24,18,1,869.3
6,24,19,1,869.5
6,24,20,1,869.6
6,25,23,1,872.9
6,26,0,1,873.0
6,26,1,1,873.1
6,26,2,1,873.1
6,26,3,1,873.2
6,26,4,1,873.3
6,26,5,1,873.4
6,26,6,1,873.5
6,26,7,1,873.6
6,26,8,1,873.7
6,26,9,1,873.8
6,26,10,1,873.9
6,26,11,1,874.0
6,26,12,1,874.1
6,26,13,1,874.2
6,26,14,1,874.3
6,26,15,1,874.5
6,26,16,1,874.6
6,26,17,1,874.7
6,26,18,1,874.8
6,26,19,1,874.9
6,26,20,1,875.0
6,26,21,1,875.1
6,26,22,1,875.2
6,27,0,0,875.4
6,27,1,0,875.5
6,27,2,0,875.6
6,27,3,0,875.7
6,27,4,0,875.7
6,27,5,0,875.8
6,27,6,0,875.9
6,27,7,0,876.0
6,27,8,0,876.1
6,27,9,0,876.2
6,27,10,0,876.3
6,27,11,0,876.4
6,27,12,0,876.5
6,27,13,0,876.6
6,27,14,0,876.7
6,27,15,0,876.8
6,27,16,0,877.0
6,27,17,0,877.1
6,27,18,0,877.2
6,27,19,0,877.3
6,27,20,0,877.4
6,27,21,0,877.5
6,27,22,0,877.6
6,27,23,0,877.7
6,29,2,1,881.2
6,29,3,1,881.3
6,29,4,1,881.4
6,29,5,1,881.4
6,29,6,1,881.5
6,29,7,1,881.6
6,29,8,1,881.7
6,29,9,1,881.9
6,29,10,1,882.1
6,29,11,1,882.2
6,29,12,1,882.4
6,29,13,1,882.5
6,29,14,1,882.7
6,29,15,1,882.9
6,29,16,1,883.1
6,29,17,1,883.2
6,29,18,1,883.4
6,29,19,1,883.5
6,29,20,1,883.6
6,29,21,1,883.7
6,29,22,1,883.8
6,29,23,1,883.9
6,30,0,1,884.0
6,30,1,1,884.1
7,1,4,1,887.3
7,1,5,1,887.4
7,1,6,1,887.5
7,1,7,1,887.6
7,1,8,1,887.7
7,1,9,1,887.8
7,1,10,1,888.0
7,1,11,1,888.2
7,1,12,1,888.4
7,1,13,1,888.5
7,1,14,1,888.7
7,1,15,1,888.9
7,1,16,1,889.1
7,1,17,1,889.3
7,1,18,1,889.4
7,1,19,1,889.6
7,1,20,1,889.7
7,1,21,1,889.8
7,1,22,1,889.9
7,1,23,1,890.0
7,2,0,1,890.1
7,2,1,1,890.2
7,2,2,1,890.3
7,2,3,1,890.4
7,2,5,1,890.5
7,2,6,1,890.6
7,2,7,1,890.7
7,2,8,1,890.8
7,2,9,1,891.0
7,2,10,1,891.2
7,2,11,1,891.4
7,2,12,1,891.6
7,2,13,1,891.8
7,2,14,1,892.0
7,2,15,1,892.1
7,2,16,1,892.3
7,2,17,1,892.5
7,2,18,1,892.6
7,2,19,1,892.8
7,2,20,1,892.9
7,2,21,1,893.0
7,2,22,1,893.1
7,2,23,1,893.2
7,3,0,1,893.3
7,3,1,1,893.4
7,3,2,1,893.5
7,3,3,1,893.5
7,3,4,1,893.6
7,3,6,1,893.8
7,3,7,1,893.9
7,3,8,1,894.0
7,3,9,1,894.1
7,3,10,1,894.2
7,3,11,1,894.3
7,3,12,1,894.4
7,3,13,1,894.5
7,3,14,1,894.7
7,3,15,1,894.8
7,3,16,1,894.9
7,3,17,1,895.0
7,3,18,1,895.1
7,3,19,1,895.2
7,3,20,1,895.3
7,3,21,1,895.4
7,3,22,1,895.5
7,3,23,1,895.6
7,4,0,0,895.7
7,4,1,0,895.8
7,4,2,0,895.9
7,4,3,0,895.9
7,4,4,0,896.0
7,4,5,0,896.1
7,5,8,0,898.8
7,5,9,0,898.9
7,5,10,0,899.1
7,5,11,0,899.3
7,5,12,0,899.5
7,5,13,0,899.6
7,5,14,0,899.8
7,5,15,0,900.0
7,5,16,0,900.1
7,5,17,0,900.3
7,5,18,0,900.5
7,5,19,0,900.6
7,5,20,0,900.7
7,5,21,0,900.8
7,5,22,0,900.9
7,5,23,0,901.0
7,6,0,1,901.1
7,6,1,1,901.2
7,6,2,1,901.3
7,6,3,1,901.4
7,6,4,1,901.5
7,6,5,1,901.6
7,6,6,1,901.7
7,6,7,1,901.7
7,6,9,1,902.0
7,6,10,1,902.2
7,6,11,1,902.3
7,6,12,1,902.5
7,6,13,1,902.7
7,6,14,1,902.9
7,6,15,1,903.1
7,6,16,1,903.3
7,6,17,1,903.5
7,6,18,1,903.6
7,6,19,1,903.8
7,6,20,1,903.9
7,6,21,1,904.0
7,6,22,1,904.1
7,6,23,1,904.2
7,7,0,1,904.3
7,7,1,1,904.4
7,7,2,1,904.4
7,7,3,1,904.5
7,7,4,1,904.6
7,7,5,1,904.7
7,7,6,1,904.8
7,7,7,1,904.9
7,7,8,1,905.0
7,7,10,1,905.3
7,7,11,1,905.5
7,7,12,1,905.7
7,7,13,1,905.8
7,7,14,1,906.0
7,7,15,1,906.2
7,7,16,1,906.3
7,7,17,1,906.5
7,7,18,1,906.7
7,7,19,1,906.8
7,7,20,1,906.9
7,7,21,1,907.1
7,7,22,1,907.2
7,7,23,1,907.3
7,8,0,1,907.3
7,8,1,1,907.4
7,8,2,1,907.5
7,8,3,1,907.6
7,8,4,1,907.7
7,8,5,1,907.8
7,8,6,1,907.9
7,8,7,1,908.0
7,8,8,1,908.1
7,8,9,1,908.2
7,9,12,1,911.8
7,9,13,1,912.0
7,9,14,1,912.2
7,9,15,1,912.3
7,9,16,1,912.5
7,9,17,1,912.7
7,9,18,1,912.8
7,9,19,1,912.9
7,9,20,1,913.1
7,9,21,1,913.2
7,9,22,1,913.3
7,9,23,1,913.4
7,10,0,1,913.5
7,10,1,1,913.5
7,10,2,1,913.6
7,10,3,1,913.7
7,10,4,1,913.8
7,10,5,1,913.9
7,10,6,1,914.0
7,10,7,1,914.1
7,10,8,1,914.2
7,10,9,1,914.3
7,10,10,1,914.4
7,10,11,1,914.5
7,11,14,0,917.3
7,11,15,0,917.4
7,11,16,0,917.5
7,11,17,0,917.7
7,11,18,0,917.8
7,11,19,0,917.9
7,11,20,0,918.0
7,11,21,0,918.1
7,11,22,0,918.2
7,11,23,0,918.3
7,12,0,0,918.4
7,12,1,0,918.5
7,12,2,0,918.6
7,12,3,0,918.6
7,12,4,0,918.7
7,12,5,0,918.8
7,12,6,0,918.9
7,12,7,0,919.0
7,12,8,0,919.1
7,12,9,0,919.3
7,12,10,0,919.4
7,12,11,0,919.6
7,12,12,0,919.8
7,12,13,0,920.0
7,12,15,0,920.4
7,12,16,0,920.5
7,12,17,0,920.7
7,12,18,0,920.9
7,12,19,0,921.0
7,12,20,0,921.2
7,12,21,0,921.3
7,12,22,0,921.4
7,12,23,0,921.5
7,13,0,1,921.6
7,13,1,1,921.7
7,13,2,1,921.8
7,13,3,1,921.9
7,13,4,1,921.9
7,13,5,1,922.0
7,13,6,1,922.1
7,13,7,1,922.2
7,13,8,1,922.3
7,13,9,1,922.5
7,13,10,1,922.7
7,13,11,1,922.8
7,13,12,1,923.0
7,13,13,1,923.2
7,13,14,1,923.4
7,13,16,1,923.7
7,13,17,1,923.9
7,13,18,1,924.1
7,13,19,1,924.2
7,13,20,1,924.4
7,13,21,1,924.5
7,13,22,1,924.6
7,13,23,1,924.7
7,14,0,1,924.8
7,14,1,1,924.9
7,14,2,1,925.0
7,14,3,1,925.0
7,14,4,1,925.1
7,14,5,1,925.2
7,14,6,1,925.3
7,14,7,1,925.4
7,14,8,1,925.5
7,14,9,1,925.7
7,14,10,1,925.8
7,14,11,1,926.0
7,14,12,1,926.2
7,14,13,1,926.4
7,14,14,1,926.5
7,14,15,1,926.7
7,15,18,1,930.5
7,15,19,1,930.6
7,15,20,1,930.8
7,15,21,1,930.9
7,15,22,1,931.0
7,15,23,1,931.1
7,16,0,1,931.2
7,16,1,1,931.3
7,16,2,1,931.4
7,16,3,1,931.4
7,16,4,1,931.5
7,16,5,1,931.6
7,16,6,1,931.7
7,16,7,1,931.8
7,16,8,1,931.9
7,16,9,1,932.1
7,16,10,1,932.2
7,16,11,1,932.4
7,16,12,1,932.6
7,16,13,1,932.8
7,16,14,1,933.0
7,16,15,1,933.1
7,16,16,1,933.3
7,16,17,1,933.5
7,16,19,1,933.8
7,16,20,1,933.9
7,16,21,1,934.0
7,16,22,1,934.1
7,16,23,1,934.2
7,17,0,1,934.3
7,17,1,1,934.4
7,17,2,1,934.5
7,17,3,1,934.6
7,17,4,1,934.7
7,17,5,1,934.8
7,17,6,1,934.9
7,17,7,1,935.0
7,17,8,1,935.1
7,17,9,1,935.2
7,17,10,1,935.3
7,17,11,1,935.4
7,17,12,1,935.5
7,17,13,1,935.6
7,17,14,1,935.7
7,17,15,1,935.8
7,17,16,1,936.0
7,17,17,1,936.1
7,17,18,1,936.2
7,17,20,1,936.4
7,17,21,1,936.5
7,17,22,1,936.6
7,17,23,1,936.7
7,18,0,0,936.8
7,18,1,0,936.9
7,18,2,0,937.0
7,18,3,0,937.1
7,18,4,0,937.2
7,18,5,0,937.3
7,18,6,0,937.4
7,18,7,0,937.5
7,18,8,0,937.6
7,18,9,0,937.7
7,18,10,0,937.8
7,18,11,0,937.9
7,18,12,0,938.0
7,18,13,0,938.1
7,18,14,0,938.2
7,18,15,0,938.3
7,18,16,0,938.4
7,18,17,0,938.6
7,18,18,0,938.7
7,18,19,0,938.8
7,19,22,0,942.3
7,19,23,0,942.5
7,20,0,1,942.6
7,20,1,1,942.6
7,20,2,1,942.7
7,20,3,1,942.8
7,20,4,1,942.9
7,20,5,1,943.0
7,20,6,1,943.1
7,20,7,1,943.2
7,20,8,1,943.3
7,20,9,1,943.5
7,20,10,1,943.6
7,20,11,1,943.8
7,20,12,1,944.0
7,20,13,1,944.2
7,20,14,1,944.4
7,20,15,1,944.6
7,20,16,1,944.8
7,20,17,1,945.0
7,20,18,1,945.1
7,20,19,1,945.3
7,20,20,1,945.4
7,20,21,1,945.5
7,22,0,1,949.1
7,22,1,1,949.2
7,22,2,1,949.3
7,22,3,1,949.4
7,22,4,1,949.4
7,22,5,1,949.5
7,22,6,1,949.6
7,22,7,1,949.7
7,22,8,1,949.8
7,22,9,1,950.0
7,22,10,1,950.2
7,22,11,1,950.3
7,22,12,1,950.5
7,22,13,1,950.7
7,22,14,1,950.9
7,22,15,1,951.1
7,22,16,1,951.4
7,22,17,1,951.5
7,22,18,1,951.7
7,22,19,1,951.9
7,22,20,1,952.0
7,22,21,1,952.1
7,22,22,1,952.2
7,22,23,1,952.3
7,23,1,1,952.5
7,23,2,1,952.6
7,23,3,1,952.7
7,23,4,1,952.8
7,23,5,1,952.9
7,23,6,1,953.0
7,23,7,1,953.1
7,23,8,1,953.2
7,23,9,1,953.3
7,23,10,1,953.5
7,23,11,1,953.7
7,23,12,1,953.9
7,23,13,1,954.1
7,23,14,1,954.3
7,23,15,1,954.4
7,23,16,1,954.6
7,23,17,1,954.8
7,23,18,1,955.0
7,23,19,1,955.1
7,23,20,1,955.3
7,23,21,1,955.4
7,23,22,1,955.5
7,23,23,1,955.6
7,24,0,1,955.7
7,25,3,0,958.6
7,25,4,0,958.7
7,25,5,0,958.8
7,25,6,0,958.9
7,25,7,0,959.0
7,25,8,0,959.1
7,25,9,0,959.2
7,25,10,0,959.3
7,25,11,0,959.4
7,25,12,0,959.5
7,25,13,0,959.7
7,25,14,0,959.8
7,25,15,0,959.9
7,25,16,0,960.0
7,25,17,0,960.1
7,25,18,0,960.3
7,25,19,0,960.4
7,25,20,0,960.5
7,25,21,0,960.6
7,25,22,0,960.7
7,25,23,0,960.8
7,26,0,0,960.9
7,26,1,0,961.0
7,26,2,0,961.1
7,26,4,0,961.2
7,26,5,0,961.3
7,26,6,0,961.4
7,26,7,0,961.5
7,26,8,0,961.7
7,26,9,0,961.8
7,26,10,0,962.0
7,26,11,0,962.2
7,26,12,0,962.4
7,26,13,0,962.6
7,26,14,0,962.8
7,26,15,0,963.0
7,26,16,0,963.2
7,26,17,0,963.3
7,26,18,0,963.5
7,26,19,0,963.7
7,26,20,0,963.8
7,26,21,0,963.9
7,26,22,0,964.0
7,26,23,0,964.1
7,27,0,1,964.2
7,27,1,1,964.3
7,27,2,1,964.4
7,27,3,1,964.5
7,27,5,1,964.7
7,27,6,1,964.8
7,27,7,1,964.9
7,27,8,1,965.0
7,27,9,1,965.1
7,27,10,1,965.3
7,27,11,1,965.5
7,27,12,1,965.7
7,27,13,1,965.9
7,27,14,1,966.1
7,27,15,1,966.3
7,27,16,1,966.5
7,27,17,1,966.7
7,27,18,1,966.8
7,27,19,1,967.0
7,27,20,1,967.1
7,27,21,1,967.2
7,27,22,1,967.3
7,27,23,1,967.4
7,28,0,1,967.5
7,28,1,1,967.6
7,28,2,1,967.7
7,28,3,1,967.8
7,28,4,1,967.9
7,29,7,1,971.5
7,29,8,1,971.6
7,29,9,1,971.8
7,29,10,1,971.9
7,29,11,1,972.2
7,29,12,1,972.4
7,29,13,1,972.6
7,29,14,1,972.8
7,29,15,1,973.0
7,29,16,1,973.2
7,29,17,1,973.4
7,29,18,1,973.6
7,29,19,1,973.8
7,29,20,1,973.9
7,29,21,1,974.0
7,29,22,1,974.1
7,29,23,1,974.2
7,30,0,1,974.3
7,30,1,1,974.4
7,30,2,1,974.5
7,30,3,1,974.6
7,30,4,1,974.7
7,30,5,1,974.8
7,30,6,1,974.9
7,31,9,1,978.4
7,31,10,1,978.5
7,31,11,1,978.7
7,31,12,1,978.8
7,31,13,1,978.9
7,31,14,1,979.0
7,31,15,1,979.2
7,31,16,1,979.3
7,31,17,1,979.4
7,31,18,1,979.5
7,31,19,1,979.7
7,31,20,1,979.8
7,31,21,1,979.9
7,31,22,1,980.0
7,31,23,1,980.1
8,1,0,0,980.2
8,1,1,0,980.3
8,1,2,0,980.4
8,1,3,0,980.4
8,1,4,0,980.5
8,1,5,0,980.6
8,1,6,0,980.7
8,1,7,0,980.8
8,1,8,0,980.9
8,1,10,0,981.1
8,1,11,0,981.3
8,1,12,0,981.4
8,1,13,0,981.5
8,1,14,0,981.6
8,1,15,0,981.7
8,1,16,0,981.9
8,1,17,0,982.0
8,1,18,0,982.1
8,1,19,0,982.2
8,1,20,0,982.3
8,1,21,0,982.4
8,1,22,0,982.5
8,1,23,0,982.6
8,2,0,0,982.7
8,2,1,0,982.8
8,2,2,0,982.9
8,2,3,0,983.0
8,2,4,0,983.1
8,2,5,0,983.2
8,2,6,0,983.3
8,2,7,0,983.4
8,2,8,0,983.5
8,2,9,0,983.7
8,2,11,0,984.1
8,2,12,0,984.3
8,2,13,0,984.4
8,2,14,0,984.6
8,2,15,0,984.8
8,2,16,0,985.0
8,2,17,0,985.2
8,2,18,0,985.4
8,2,19,0,985.5
8,2,20,0,985.6
8,2,21,0,985.7
8,2,22,0,985.9
8,2,23,0,986.0
8,3,0,1,986.0
8,3,1,1,986.1
8,3,2,1,986.2
8,3,3,1,986.3
8,3,4,1,986.4
8,3,5,1,986.5
8,3,6,1,986.6
8,3,7,1,986.7
8,3,8,1,986.8
8,3,9,1,987.0
8,3,10,1,987.1
8,3,12,1,987.5
8,3,13,1,987.7
8,3,14,1,987.9
8,3,15,1,988.1
8,3,16,1,988.2
8,3,17,1,988.4
8,3,18,1,988.6
8,3,19,1,988.8
8,3,20,1,988.9
8,3,21,1,989.0
8,3,22,1,989.1
8,3,23,1,989.2
8,4,0,1,989.3
8,4,1,1,989.4
8,4,2,1,989.5
8,4,3,1,989.6
8,4,4,1,989.7
8,4,5,1,989.8
8,4,6,1,989.8
8,4,7,1,989.9
8,4,8,1,990.1
8,4,9,1,990.2
8,4,10,1,990.4
8,4,11,1,990.6
8,5,14,1,994.4
8,5,15,1,994.6
8,5,16,1,994.7
8,5,17,1,994.9
8,5,18,1,995.1
8,5,19,1,995.2
8,5,20,1,995.4
8,5,21,1,995.5
8,5,22,1,995.6
8,5,23,1,995.7
8,6,0,1,995.8
8,6,1,1,995.9
8,6,2,1,996.0
8,6,3,1,996.1
8,6,4,1,996.2
8,6,5,1,996.3
8,6,6,1,996.4
8,6,7,1,996.5
8,6,8,1,996.6
8,6,9,1,996.7
8,6,10,1,996.9
8,6,11,1,997.1
8,6,12,1,997.3
8,6,13,1,997.5
8,6,15,1,997.9
8,6,16,1,998.0
8,6,17,1,998.2
8,6,18,1,998.4
8,6,19,1,998.5
8,6,20,1,998.6
8,6,21,1,998.7
8,6,22,1,998.9
8,6,23,1,999.0
8,7,0,1,999.1
8,7,1,1,999.2
8,7,2,1,999.3
8,7,3,1,999.3
8,7,4,1,999.4
8,7,5,1,999.5
8,7,6,1,999.6
8,7,7,1,999.7
8,7,8,1,999.8
8,7,9,1,999.9
8,7,10,1,0.1
8,7,11,1,0.2
8,7,12,1,0.3
8,7,13,1,0.4
8,7,14,1,0.6
8,7,16,1,0.8
8,7,17,1,1.0
8,7,18,1,1.1
8,7,19,1,1.2
8,7,20,1,1.3
8,7,21,1,1.4
8,7,22,1,1.5
8,7,23,1,1.6
8,8,0,0,1.7
8,8,1,0,1.8
8,8,2,0,1.9
8,8,3,0,2.0
8,8,4,0,2.1
8,8,5,0,2.2
8,8,6,0,2.3
8,8,7,0,2.4
8,8,8,0,2.5
8,8,9,0,2.6
8,8,10,0,2.7
8,8,11,0,2.8
8,8,12,0,2.9
8,8,13,0,3.0
8,8,14,0,3.2
8,8,15,0,3.3
8,9,18,0,7.1
8,9,19,0,7.2
8,9,20,0,7.3
8,9,21,0,7.4
8,9,22,0,7.5
8,9,23,0,7.6
8,10,0,1,7.7
8,10,1,1,7.8
8,10,2,1,7.9
8,10,3,1,8.0
8,10,4,1,8.1
8,10,5,1,8.2
8,10,6,1,8.3
8,10,7,1,8.4
8,10,8,1,8.5
8,10,9,1,8.7
8,10,10,1,8.9
8,10,11,1,9.1
8,10,12,1,9.3
8,10,13,1,9.5
8,10,14,1,9.7
8,10,15,1,9.9
8,10,16,1,10.1
8,10,17,1,10.3
8,11,20,1,14.1
8,11,21,1,14.2
8,11,22,1,14.3
8,11,23,1,14.4
8,12,0,1,14.5
8,12,1,1,14.6
8,12,2,1,14.7
8,12,3,1,14.8
8,12,4,1,14.9
8,12,5,1,15.0
8,12,6,1,15.1
8,12,7,1,15.2
8,12,8,1,15.3
8,12,9,1,15.4
8,12,10,1,15.6
8,12,11,1,15.8
8,12,12,1,16.0
8,12,13,1,16.2
8,12,14,1,16.4
8,12,15,1,16.6
8,12,16,1,16.8
8,12,17,1,16.9
8,12,18,1,17.1
8,12,19,1,17.2
8,12,21,1,17.4
8,12,22,1,17.5
8,12,23,1,17.5
8,13,0,1,17.6
8,13,1,1,17.7
8,13,2,1,17.8
8,13,3,1,17.9
8,13,4,1,17.9
8,13,5,1,18.0
8,13,6,1,18.1
8,13,7,1,18.2
8,13,8,1,18.3
8,13,9,1,18.4
8,13,10,1,18.5
8,13,11,1,18.6
8,13,12,1,18.7
8,13,13,1,18.9
8,13,14,1,19.0
8,13,15,1,19.1
8,13,16,1,19.3
8,13,17,1,19.4
8,13,18,1,19.5
8,13,19,1,19.6
8,13,20,1,19.7
8,13,22,1,19.8
8,13,23,1,19.9
8,14,0,1,20.0
8,14,1,1,20.1
8,14,2,1,20.2
8,14,3,1,20.2
8,14,4,1,20.3
8,14,5,1,20.4
8,14,6,1,20.5
8,14,7,1,20.6
8,14,8,1,20.7
8,14,9,1,20.8
8,14,10,1,20.9
8,14,11,1,21.0
8,14,12,1,21.2
8,14,13,1,21.3
8,14,14,1,21.4
8,14,15,1,21.6
8,14,16,1,21.7
8,14,17,1,21.8
8,14,18,1,21.9
8,14,19,1,22.0
8,14,20,1,22.1
8,14,21,1,22.2
8,16,0,0,24.7
8,16,1,0,24.8
8,16,2,0,24.8
8,16,3,0,24.9
8,16,4,0,25.0
8,16,5,0,25.1
8,16,6,0,25.1
8,16,7,0,25.2
8,16,8,0,25.3
8,16,9,0,25.4
8,16,10,0,25.5
8,16,11,0,25.6
8,16,12,0,25.7
8,16,13,0,25.8
8,16,14,0,25.9
8,16,15,0,26.0
8,16,16,0,26.1
8,16,17,0,26.2
8,16,18,0,26.3
8,16,19,0,26.4
8,16,20,0,26.5
8,16,21,0,26.6
8,16,22,0,26.7
8,16,23,0,26.7
8,17,1,1,26.9
8,17,2,1,27.0
8,17,3,1,27.0
8,17,4,1,27.1
8,17,5,1,27.2
8,17,6,1,27.3
8,17,7,1,27.3
8,17,8,1,27.4
8,17,9,1,27.6
8,17,10,1,27.7
8,17,11,1,27.9
8,17,12,1,28.0
8,17,13,1,28.2
8,17,14,1,28.3
8,17,15,1,28.5
8,17,16,1,28.7
8,17,17,1,28.8
8,17,18,1,29.0
8,17,19,1,29.1
8,17,20,1,29.2
8,17,21,1,29.3
8,17,22,1,29.4
8,17,23,1,29.5
8,18,0,1,29.5
8,19,3,1,32.8
8,19,4,1,32.8
8,19,5,1,32.9
8,19,6,1,33.0
8,19,7,1,33.1
8,19,8,1,33.2
8,19,9,1,33.3
8,19,10,1,33.5
8,19,11,1,33.7
8,19,12,1,33.9
8,19,13,1,34.0
8,19,14,1,34.2
8,19,15,1,34.4
8,19,16,1,34.6
8,19,17,1,34.8
8,19,18,1,35.0
8,19,19,1,35.1
8,19,20,1,35.3
8,19,21,1,35.4
8,19,22,1,35.5
8,19,23,1,35.6
8,20,0,1,35.6
8,20,1,1,35.7
8,20,2,1,35.8
8,21,5,1,39.2
8,21,6,1,39.3
8,21,7,1,39.4
8,21,8,1,39.5
8,21,9,1,39.6
8,21,10,1,39.7
8,21,11,1,39.9
8,21,12,1,40.0
8,21,13,1,40.1
8,21,14,1,40.2
8,21,15,1,40.4
8,21,16,1,40.5
8,21,17,1,40.6
8,21,18,1,40.7
8,21,19,1,40.8
8,21,20,1,41.0
8,21,21,1,41.1
8,21,22,1,41.2
8,21,23,1,41.2
8,22,0,0,41.3
8,22,1,0,41.4
8,22,2,0,41.5
8,22,3,0,41.6
8,22,4,0,41.7
8,22,6,0,41.9
8,22,7,0,42.0
8,22,8,0,42.1
8,22,9,0,42.2
8,22,10,0,42.3
8,22,11,0,42.4
8,22,12,0,42.6
8,22,13,0,42.7
8,22,14,0,42.8
8,22,15,0,42.9
8,22,16,0,43.1
8,22,17,0,43.2
8,22,18,0,43.3
8,22,19,0,43.4
8,22,20,0,43.5
8,22,21,0,43.6
8,22,22,0,43.7
8,22,23,0,43.8
8,23,0,0,43.9
8,23,1,0,44.0
8,23,2,0,44.1
8,23,3,0,44.2
8,23,4,0,44.3
8,23,5,0,44.4
8,23,7,0,44.6
8,23,8,0,44.7
8,23,9,0,44.8
8,23,10,0,45.0
8,23,11,0,45.2
8,23,12,0,45.4
8,23,13,0,45.6
8,23,14,0,45.8
8,23,15,0,45.9
8,23,16,0,46.1
8,23,17,0,46.3
8,23,18,0,46.5
8,23,19,0,46.6
8,23,20,0,46.7
8,23,21,0,46.8
8,23,22,0,46.9
8,23,23,0,47.0
8,24,0,1,47.1
8,24,1,1,47.2
8,24,2,1,47.3
8,24,3,1,47.4
8,24,4,1,47.5
8,24,5,1,47.6
8,24,6,1,47.7
8,25,9,1,51.2
8,25,10,1,51.4
8,25,11,1,51.6
8,25,12,1,51.8
8,25,13,1,52.0
8,25,14,1,52.1
8,25,15,1,52.3
8,25,16,1,52.4
8,25,17,1,52.6
8,25,18,1,52.7
8,25,19,1,52.9
8,25,20,1,53.0
8,25,21,1,53.1
8,25,22,1,53.2
8,25,23,1,53.3
8,26,0,1,53.4
8,26,1,1,53.5
8,26,2,1,53.5
8,26,3,1,53.6
8,26,4,1,53.7
8,26,5,1,53.8
8,26,6,1,53.9
8,26,7,1,54.0
8,26,8,1,54.1
8,26,10,1,54.4
8,26,11,1,54.6
8,26,12,1,54.8
8,26,13,1,55.0
8,26,14,1,55.2
8,26,15,1,55.4
8,26,16,1,55.6
8,26,17,1,55.7
8,26,18,1,55.9
8,26,19,1,56.1
8,26,20,1,56.2
8,26,21,1,56.3
8,26,22,1,56.4
8,26,23,1,56.5
8,27,0,1,56.6
8,27,1,1,56.7
8,27,2,1,56.8
8,27,3,1,56.9
8,27,4,1,56.9
8,27,5,1,57.0
8,27,6,1,57.1
8,27,7,1,57.2
8,27,8,1,57.3
8,27,9,1,57.4
8,27,11,1,57.7
8,27,12,1,57.9
8,27,13,1,58.0
8,27,14,1,58.2
8,27,15,1,58.3
8,27,16,1,58.5
8,27,17,1,58.6
8,27,18,1,58.8
8,27,19,1,58.9
8,27,20,1,59.0
8,27,21,1,59.1
8,27,22,1,59.1
8,27,23,1,59.2
8,28,0,1,59.3
8,28,1,1,59.4
8,28,2,1,59.5
8,28,3,1,59.5
8,28,4,1,59.6
8,28,5,1,59.7
8,28,6,1,59.8
8,28,7,1,59.8
8,28,8,1,59.9
8,28,9,1,60.0
8,28,10,1,60.2
8,29,13,0,63.1
8,29,14,0,63.2
8,29,15,0,63.3
8,29,16,0,63.4
8,29,17,0,63.5
8,29,18,0,63.6
8,29,19,0,63.7
8,29,20,0,63.8
8,29,21,0,63.9
8,29,22,0,64.0
8,29,23,0,64.1
8,30,0,0,64.2
8,30,1,0,64.3
8,30,2,0,64.4
8,30,3,0,64.5
8,30,4,0,64.6
8,30,5,0,64.7
8,30,6,0,64.8
8,30,7,0,64.9
8,30,8,0,65.0
8,30,9,0,65.2
8,30,10,0,65.3
8,30,11,0,65.5
8,30,12,0,65.7
8,31,15,1,69.4
8,31,16,1,69.6
8,31,17,1,69.8
8,31,18,1,70.0
8,31,19,1,70.1
8,31,20,1,70.2
8,31,21,1,70.3
8,31,22,1,70.4
8,31,23,1,70.5
9,1,0,1,70.6
9,1,1,1,70.7
9,1,2,1,70.8
9,1,3,1,70.9
9,1,4,1,71.0
9,1,5,1,71.1
9,1,6,1,71.2
9,1,7,1,71.3
9,1,8,1,71.4
9,1,9,1,71.5
9,1,10,1,71.7
9,1,11,1,71.9
9,1,12,1,72.1
9,1,13,1,72.3
9,1,14,1,72.5
9,1,16,1,72.8
9,1,17,1,73.0
9,1,18,1,73.2
9,1,19,1,73.3
9,1,20,1,73.4
9,1,21,1,73.5
9,1,22,1,73.6
9,1,23,1,73.7
9,2,0,1,73.8
9,2,1,1,73.9
9,2,2,1,74.0
9,2,3,1,74.1
9,2,4,1,74.2
9,2,5,1,74.3
9,2,6,1,74.4
9,2,7,1,74.5
9,2,8,1,74.6
9,2,9,1,74.7
9,2,10,1,74.9
9,2,11,1,75.1
9,2,12,1,75.3
9,2,13,1,75.4
9,2,14,1,75.6
9,2,15,1,75.8
9,2,17,1,76.1
9,2,18,1,76.3
9,2,19,1,76.4
9,2,20,1,76.6
9,2,21,1,76.7
9,2,22,1,76.8
9,2,23,1,76.9
9,3,0,1,77.0
9,3,1,1,77.1
9,3,2,1,77.2
9,3,3,1,77.2
9,3,4,1,77.3
9,3,5,1,77.4
9,3,6,1,77.5
9,3,7,1,77.6
9,3,8,1,77.7
9,3,9,1,77.9
9,3,10,1,78.1
9,3,11,1,78.2
9,3,12,1,78.4
9,3,13,1,78.6
9,3,14,1,78.8
9,3,15,1,79.0
9,3,16,1,79.2
9,3,18,1,79.6
9,3,19,1,79.7
9,3,20,1,79.9
9,3,21,1,80.0
9,3,22,1,80.1
9,3,23,1,80.2
9,4,0,1,80.3
9,4,1,1,80.4
9,4,2,1,80.5
9,4,3,1,80.6
9,4,4,1,80.7
9,4,5,1,80.8
9,4,6,1,80.9
9,4,7,1,81.0
9,4,8,1,81.1
9,4,9,1,81.2
9,4,10,1,81.3
9,4,11,1,81.4
9,4,12,1,81.5
9,4,13,1,81.6
9,4,14,1,81.8
9,4,15,1,81.9
9,4,16,1,82.0
9,4,17,1,82.1
9,5,20,0,84.9
9,5,21,0,85.0
9,5,22,0,85.1
9,5,23,0,85.2
9,6,0,0,85.3
9,6,1,0,85.4
9,6,2,0,85.5
9,6,3,0,85.6
9,6,4,0,85.7
9,6,5,0,85.8
9,6,6,0,85.9
9,6,7,0,86.0
9,6,8,0,86.1
9,6,9,0,86.2
9,6,10,0,86.4
9,6,11,0,86.6
9,6,12,0,86.7
9,6,13,0,86.9
9,6,14,0,87.1
9,6,15,0,87.2
9,6,16,0,87.4
9,6,17,0,87.6
9,6,18,0,87.8
9,6,19,0,87.9
9,6,21,0,88.1
9,6,22,0,88.2
9,6,23,0,88.3
9,7,0,1,88.4
9,7,1,1,88.5
9,7,2,1,88.6
9,7,3,1,88.7
9,7,4,1,88.8
9,7,5,1,88.9
9,7,6,1,89.0
9,7,7,1,89.1
9,7,8,1,89.2
9,7,9,1,89.3
9,7,10,1,89.5
9,7,11,1,89.7
9,7,12,1,89.8
9,7,13,1,90.0
9,7,14,1,90.2
9,7,15,1,90.3
9,7,16,1,90.5
9,7,17,1,90.7
9,7,18,1,90.8
9,7,19,1,91.0
9,7,20,1,91.1
9,7,22,1,91.3
9,7,23,1,91.4
9,8,0,1,91.5
9,8,1,1,91.6
9,8,2,1,91.7
9,8,3,1,91.8
9,8,4,1,91.9
9,8,5,1,92.0
9,8,6,1,92.1
9,8,7,1,92.2
9,8,8,1,92.3
9,8,9,1,92.4
9,8,10,1,92.6
9,8,11,1,92.8
9,8,12,1,93.0
9,8,13,1,93.1
9,8,14,1,93.3
9,8,15,1,93.5
9,8,16,1,93.6
9,8,17,1,93.8
9,8,18,1,94.0
9,8,19,1,94.1
9,8,20,1,94.2
9,8,21,1,94.3
9,11,1,1,100.8
9,11,2,1,100.9
9,11,3,1,101.0
9,11,4,1,101.1
9,11,5,1,101.2
9,11,6,1,101.3
9,11,7,1,101.4
9,11,8,1,101.5
9,11,9,1,101.6
9,11,10,1,101.7
9,11,11,1,101.8
9,11,12,1,101.9
9,11,13,1,102.1
9,11,14,1,102.2
9,11,15,1,102.3
9,11,16,1,102.4
9,11,17,1,102.6
9,11,18,1,102.7
9,11,19,1,102.8
9,11,20,1,102.9
9,11,21,1,103.0
9,11,22,1,103.1
9,11,23,1,103.2
9,12,0,0,103.3
9,12,2,0,103.5
9,12,3,0,103.6
9,12,4,0,103.7
9,12,5,0,103.8
9,12,6,0,103.8
9,12,7,0,103.9
9,12,8,0,104.0
9,12,9,0,104.1
9,12,10,0,104.3
9,12,11,0,104.4
9,12,12,0,104.5
9,12,13,0,104.6
9,12,14,0,104.7
9,12,15,0,104.8
9,12,16,0,105.0
9,12,17,0,105.1
9,12,18,0,105.2
9,12,19,0,105.3
9,12,20,0,105.4
9,12,21,0,105.5
9,12,22,0,105.6
9,12,23,0,105.7
9,13,0,0,105.8
9,13,1,0,105.9
9,13,3,0,106.1
9,13,4,0,106.2
9,13,5,0,106.3
9,13,6,0,106.4
9,13,7,0,106.4
9,13,8,0,106.5
9,13,9,0,106.7
9,13,10,0,106.9
9,13,11,0,107.0
9,13,12,0,107.2
9,13,13,0,107.4
9,13,14,0,107.6
9,13,15,0,107.7
9,13,16,0,107.9
9,13,17,0,108.1
9,13,18,0,108.2
9,13,19,0,108.4
9,13,20,0,108.5
9,13,21,0,108.6
9,13,22,0,108.7
9,13,23,0,108.8
9,14,0,1,108.9
9,14,1,1,109.0
9,14,2,1,109.1
9,15,5,1,112.5
9,15,6,1,112.6
9,15,7,1,112.7
9,15,8,1,112.8
9,15,9,1,112.9
9,15,10,1,113.1
9,15,11,1,113.3
9,15,12,1,113.5
9,15,13,1,113.6
9,15,14,1,113.8
9,15,15,1,114.0
9,15,16,1,114.2
9,15,17,1,114.4
9,15,18,1,114.6
9,15,19,1,114.7
9,15,20,1,114.8
9,15,21,1,114.9
9,15,22,1,115.0
9,15,23,1,115.1
9,16,0,1,115.2
9,16,1,1,115.3
9,16,2,1,115.4
9,16,3,1,115.5
9,16,4,1,115.6
9,16,6,1,115.8
9,16,7,1,115.9
9,16,8,1,116.0
9,16,9,1,116.1
9,16,10,1,116.3
9,16,11,1,116.4
9,16,12,1,116.6
9,16,13,1,116.8
9,16,14,1,116.9
9,16,15,1,117.1
9,16,16,1,117.3
9,16,17,1,117.4
9,16,18,1,117.6
9,16,19,1,117.7
9,16,20,1,117.9
9,16,21,1,118.0
9,16,22,1,118.1
9,16,23,1,118.2
9,17,0,1,118.3
9,17,1,1,118.4
9,17,2,1,118.5
9,17,3,1,118.6
9,17,4,1,118.6
9,17,5,1,118.7
9,17,7,1,118.9
9,17,8,1,119.0
9,17,9,1,119.2
9,17,10,1,119.3
9,17,11,1,119.5
9,17,12,1,119.7
9,17,13,1,119.8
9,17,14,1,120.0
9,17,15,1,120.2
9,17,16,1,120.3
9,17,17,1,120.5
9,17,18,1,120.7
9,17,19,1,120.8
9,17,20,1,120.9
9,17,21,1,121.0
9,17,22,1,121.1
9,17,23,1,121.2
9,18,0,1,121.3
9,18,1,1,121.4
9,18,2,1,121.5
9,18,3,1,121.6
9,18,4,1,121.7
9,18,5,1,121.8
9,18,6,1,121.9
9,19,9,0,124.6
9,19,10,0,124.7
9,19,11,0,124.9
9,19,12,0,125.0
9,19,13,0,125.1
9,19,14,0,125.2
9,19,15,0,125.3
9,19,16,0,125.4
9,19,17,0,125.5
9,19,18,0,125.6
9,19,19,0,125.7
9,19,20,0,125.8
9,19,21,0,125.9
9,19,22,0,126.0
9,19,23,0,126.1
9,20,0,0,126.2
9,20,1,0,126.3
9,20,2,0,126.4
9,20,3,0,126.5
9,20,4,0,126.6
9,20,5,0,126.7
9,20,6,0,126.8
9,20,7,0,126.9
9,20,8,0,127.0
9,21,11,1,129.8
9,21,12,1,129.9
9,21,13,1,130.0
9,21,14,1,130.1
9,21,15,1,130.2
9,21,16,1,130.4
9,21,17,1,130.5
9,21,18,1,130.6
9,21,19,1,130.7
9,21,20,1,130.8
9,21,21,1,130.9
9,21,22,1,131.0
9,21,23,1,131.1
9,22,0,1,131.2
9,22,1,1,131.2
9,22,2,1,131.3
9,22,3,1,131.4
9,22,4,1,131.5
9,22,5,1,131.6
9,22,6,1,131.7
9,22,7,1,131.8
9,22,8,1,131.9
9,22,9,1,132.0
9,22,10,1,132.1
9,22,12,1,132.3
9,22,13,1,132.5
9,22,14,1,132.6
9,22,15,1,132.7
9,22,16,1,132.8
9,22,17,1,132.9
9,22,18,1,133.1
9,22,19,1,133.2
9,22,20,1,133.3
9,22,21,1,133.4
9,22,22,1,133.5
9,22,23,1,133.6
9,23,0,1,133.7
9,23,1,1,133.8
9,23,2,1,133.9
9,23,3,1,134.0
9,23,4,1,134.1
9,23,5,1,134.2
9,23,6,1,134.2
9,23,7,1,134.3
9,23,8,1,134.5
9,23,9,1,134.6
9,23,10,1,134.8
9,23,11,1,134.9
9,23,13,1,135.3
9,23,14,1,135.4
9,23,15,1,135.6
9,23,16,1,135.8
9,23,17,1,135.9
9,23,18,1,136.1
9,23,19,1,136.2
9,23,20,1,136.4
9,23,21,1,136.5
9,23,22,1,136.6
9,23,23,1,136.7
9,24,0,1,136.8
9,24,1,1,136.8
9,24,2,1,136.9
9,24,3,1,137.0
9,24,4,1,137.1
9,24,5,1,137.2
9,24,6,1,137.3
9,24,7,1,137.4
9,24,8,1,137.5
9,24,9,1,137.6
9,24,10,1,137.8
9,24,11,1,138.0
9,24,12,1,138.1
9,25,15,1,141.4
9,25,16,1,141.5
9,25,17,1,141.6
9,25,18,1,141.7
9,25,19,1,141.8
9,25,20,1,141.9
9,25,21,1,142.0
9,25,22,1,142.1
9,25,23,1,142.2
9,26,0,0,142.3
9,26,1,0,142.4
9,26,2,0,142.5
9,26,3,0,142.6
9,26,4,0,142.7
9,26,5,0,142.7
9,26,6,0,142.8
9,26,7,0,142.9
9,26,8,0,143.0
9,26,9,0,143.1
9,26,10,0,143.2
9,26,11,0,143.4
9,26,12,0,143.5
9,26,13,0,143.6
9,26,14,0,143.7
9,26,16,0,143.9
9,26,17,0,144.1
9,26,18,0,144.2
9,26,19,0,144.3
9,26,20,0,144.4
9,26,21,0,144.5
9,26,22,0,144.6
9,26,23,0,144.7
9,27,0,0,144.7
9,27,1,0,144.8
9,27,2,0,144.9
9,27,3,0,145.0
9,27,4,0,145.1
9,27,5,0,145.2
9,27,6,0,145.3
9,27,7,0,145.4
9,27,8,0,145.5
9,27,9,0,145.6
9,27,10,0,145.8
9,27,11,0,146.0
9,27,12,0,146.2
9,27,13,0,146.3
9,27,14,0,146.5
9,27,15,0,146.7
9,27,17,0,147.1
9,27,18,0,147.2
9,27,19,0,147.4
9,27,20,0,147.5
9,27,21,0,147.6
9,27,22,0,147.7
9,27,23,0,147.8
9,28,0,1,147.9
9,28,1,1,148.0
9,28,2,1,148.1
9,28,3,1,148.2
9,28,4,1,148.3
9,28,5,1,148.4
9,28,6,1,148.5
9,28,7,1,148.6
9,28,8,1,148.7
9,28,9,1,148.8
9,28,10,1,149.0
9,28,11,1,149.2
9,28,12,1,149.4
9,28,13,1,149.5
9,28,14,1,149.7
9,28,15,1,149.9
9,28,16,1,150.0
9,29,19,1,153.6
9,29,20,1,153.7
9,29,21,1,153.8
9,29,22,1,153.9
9,29,23,1,154.0
9,30,0,1,154.1
9,30,1,1,154.2
9,30,2,1,154.3
9,30,3,1,154.4
9,30,4,1,154.5
9,30,5,1,154.6
9,30,6,1,154.6
9,30,7,1,154.7
9,30,8,1,154.9
9,30,9,1,155.0
9,30,10,1,155.2
9,30,11,1,155.3
9,30,12,1,155.5
9,30,13,1,155.7
9,30,14,1,155.9
9,30,15,1,156.0
9,30,16,1,156.2
9,30,17,1,156.4
9,30,18,1,156.5
10,1,21,1,160.0
10,1,22,1,160.1
10,1,23,1,160.2
10,2,0,1,160.3
10,2,1,1,160.4
10,2,2,1,160.5
10,2,3,1,160.6
10,2,4,1,160.7
10,2,5,1,160.8
10,2,6,1,160.9
10,2,7,1,160.9
10,2,8,1,161.0
10,2,9,1,161.2
10,2,10,1,161.3
10,2,11,1,161.4
10,2,12,1,161.5
10,2,13,1,161.6
10,2,14,1,161.8
10,2,15,1,161.9
10,2,16,1,162.0
10,2,17,1,162.1
10,2,18,1,162.3
10,2,19,1,162.4
10,2,20,1,162.5
10,2,22,1,162.7
10,2,23,1,162.8
10,3,0,0,162.9
10,3,1,0,163.0
10,3,2,0,163.0
10,3,3,0,163.1
10,3,4,0,163.2
10,3,5,0,163.3
10,3,6,0,163.4
10,3,7,0,163.5
10,3,8,0,163.6
10,3,9,0,163.7
10,3,10,0,163.8
10,3,11,0,163.9
10,3,12,0,164.1
10,3,13,0,164.2
10,3,14,0,164.3
10,3,15,0,164.4
10,3,16,0,164.5
10,3,17,0,164.7
10,3,18,0,164.8
10,3,19,0,164.9
10,3,20,0,165.0
10,3,21,0,165.1
10,3,23,0,165.3
10,4,0,0,165.4
10,4,1,0,165.5
10,4,2,0,165.6
10,4,3,0,165.7
10,4,4,0,165.8
10,4,5,0,165.8
10,4,6,0,165.9
10,4,7,0,166.0
10,4,8,0,166.1
10,4,9,0,166.2
10,4,10,0,166.4
10,4,11,0,166.5
10,4,12,0,166.6
10,4,13,0,166.7
10,4,14,0,166.9
10,4,15,0,167.0
10,4,16,0,167.1
10,4,17,0,167.2
10,4,18,0,167.4
10,4,19,0,167.5
10,4,20,0,167.6
10,4,21,0,167.7
10,4,22,0,167.8
10,5,0,1,168.0
10,5,1,1,168.1
10,5,2,1,168.2
10,5,3,1,168.3
10,5,4,1,168.3
10,5,5,1,168.4
10,5,6,1,168.5
10,5,7,1,168.6
10,5,8,1,168.7
10,5,9,1,168.9
10,5,10,1,169.1
10,5,11,1,169.2
10,5,12,1,169.4
10,5,13,1,169.6
10,5,14,1,169.8
10,5,15,1,170.0
10,5,16,1,170.2
10,5,17,1,170.4
10,5,18,1,170.5
10,5,19,1,170.7
10,5,20,1,170.8
10,5,21,1,170.9
10,5,22,1,171.0
10,5,23,1,171.1
10,7,1,1,174.4
10,7,2,1,174.4
10,7,3,1,174.5
10,7,4,1,174.6
10,7,5,1,174.7
10,7,6,1,174.7
10,7,7,1,174.8
10,7,8,1,174.9
10,7,9,1,175.0
10,7,10,1,175.2
10,7,11,1,175.3
10,7,12,1,175.5
10,7,13,1,175.6
10,7,14,1,175.7
10,7,15,1,175.9
10,7,16,1,176.0
10,7,17,1,176.1
10,7,18,1,176.3
10,7,19,1,176.4
10,7,20,1,176.5
10,7,21,1,176.6
10,7,22,1,176.7
10,7,23,1,176.8
10,8,0,1,176.8
10,9,3,1,179.6
10,9,4,1,179.7
10,9,5,1,179.7
10,9,6,1,179.8
10,9,7,1,179.9
10,9,8,1,180.0
10,9,9,1,180.1
10,9,10,1,180.2
10,9,11,1,180.3
10,9,12,1,180.3
10,9,13,1,180.4
10,9,14,1,180.5
10,9,15,1,180.6
10,9,16,1,180.7
10,9,17,1,180.8
10,9,18,1,180.9
10,9,19,1,181.0
10,9,20,1,181.1
10,9,21,1,181.2
10,9,22,1,181.2
10,9,23,1,181.3
10,10,0,0,181.4
10,10,1,0,181.5
10,10,2,0,181.6
10,11,5,0,183.8
10,11,6,0,183.9
10,11,7,0,183.9
10,11,8,0,184.0
10,11,9,0,184.1
10,11,10,0,184.2
10,11,11,0,184.3
10,11,12,0,184.4
10,11,13,0,184.5
10,11,14,0,184.6
10,11,15,0,184.7
10,11,16,0,184.8
10,11,17,0,184.9
10,11,18,0,185.0
10,11,19,0,185.1
10,11,20,0,185.2
10,11,21,0,185.2
10,11,22,0,185.3
10,11,23,0,185.4
10,12,0,1,185.5
10,12,1,1,185.6
10,12,2,1,185.6
10,12,3,1,185.7
10,12,4,1,185.8
10,12,6,1,185.9
10,12,7,1,186.0
10,12,8,1,186.1
10,12,9,1,186.2
10,12,10,1,186.4
10,12,11,1,186.5
10,12,12,1,186.7
10,12,13,1,186.8
10,12,14,1,186.9
10,12,15,1,187.1
10,12,16,1,187.2
10,12,17,1,187.4
10,12,18,1,187.5
10,12,19,1,187.6
10,12,20,1,187.7
10,12,21,1,187.8
10,12,22,1,187.9
10,12,23,1,188.0
10,13,0,1,188.1
10,13,1,1,188.1
10,13,2,1,188.2
10,13,3,1,188.3
10,13,4,1,188.4
10,13,5,1,188.5
10,13,7,1,188.6
10,13,8,1,188.7
10,13,9,1,188.8
10,13,10,1,188.9
10,13,11,1,189.1
10,13,12,1,189.3
10,13,13,1,189.4
10,13,14,1,189.6
10,13,15,1,189.7
10,13,16,1,189.9
10,13,17,1,190.1
10,13,18,1,190.2
10,13,19,1,190.4
10,13,20,1,190.5
10,13,21,1,190.6
10,13,22,1,190.7
10,13,23,1,190.8
10,14,0,1,190.9
10,14,1,1,191.0
10,14,2,1,191.1
10,14,3,1,191.2
10,14,4,1,191.3
10,14,5,1,191.4
10,14,6,1,191.5
10,15,9,1,194.9
10,15,10,1,195.1
10,15,11,1,195.2
10,15,12,1,195.4
10,15,13,1,195.6
10,15,14,1,195.7
10,15,15,1,195.9
10,15,16,1,196.1
10,15,17,1,196.2
10,15,18,1,196.4
10,15,19,1,196.5
10,15,20,1,196.6
10,15,21,1,196.7
10,15,22,1,196.8
10,15,23,1,196.9
10,16,0,1,197.0
10,16,1,1,197.1
10,16,2,1,197.2
10,16,3,1,197.3
10,16,4,1,197.4
10,16,5,1,197.4
10,16,6,1,197.5
10,16,7,1,197.6
10,16,8,1,197.7
10,16,10,1,197.9
10,16,11,1,198.0
10,16,12,1,198.2
10,16,13,1,198.3
10,16,14,1,198.4
10,16,15,1,198.5
10,16,16,1,198.6
10,16,17,1,198.7
10,16,18,1,198.8
10,16,19,1,198.9
10,16,20,1,199.0
10,16,21,1,199.1
10,16,22,1,199.2
10,16,23,1,199.3
10,17,0,0,199.4
10,17,1,0,199.5
10,17,2,0,199.6
10,17,3,0,199.7
10,17,4,0,199.7
10,17,5,0,199.8
10,17,6,0,199.9
10,17,7,0,200.0
10,17,8,0,200.1
10,17,9,0,200.2
10,17,11,0,200.4
10,17,12,0,200.5
10,17,13,0,200.7
10,17,14,0,200.8
10,17,15,0,200.9
10,17,16,0,201.0
10,17,17,0,201.1
10,17,18,0,201.2
10,17,19,0,201.3
10,17,20,0,201.4
10,17,21,0,201.5
10,17,22,0,201.6
10,17,23,0,201.7
10,18,0,0,201.8
10,18,1,0,201.9
10,18,2,0,202.0
10,18,3,0,202.1
10,18,4,0,202.1
10,18,5,0,202.2
10,18,6,0,202.3
10,18,7,0,202.4
10,18,8,0,202.5
10,18,9,0,202.7
10,18,10,0,202.8
10,19,13,1,206.3
10,19,14,1,206.5
10,19,15,1,206.6
10,19,16,1,206.8
10,19,17,1,207.0
10,19,18,1,207.1
10,19,19,1,207.3
10,19,20,1,207.4
10,19,21,1,207.5
10,19,22,1,207.6
10,19,23,1,207.7
10,20,0,1,207.8
10,20,1,1,207.9
10,20,2,1,208.0
10,20,3,1,208.1
10,20,4,1,208.2
10,20,5,1,208.3
10,20,6,1,208.4
10,20,7,1,208.5
10,20,8,1,208.6
10,20,9,1,208.7
10,20,10,1,208.9
10,20,11,1,209.1
10,20,12,1,209.2
10,21,15,1,212.8
10,21,16,1,213.0
10,21,17,1,213.1
10,21,18,1,213.3
10,21,19,1,213.4
10,21,20,1,213.5
10,21,21,1,213.6
10,21,22,1,213.7
10,21,23,1,213.8
6,17,0,1,825.6
6,17,1,1,825.7
6,17,2,1,825.8
6,17,3,1,825.8
6,17,4,1,825.9
6,17,5,1,826.0
6,17,6,1,826.1
6,17,7,1,826.1
6,17,8,1,826.2
6,17,9,1,826.3
6,17,10,1,826.5
6,17,11,1,826.6
6,17,12,1,826.7
6,17,13,1,826.8
6,17,14,1,827.0
6,17,16,1,827.2
6,17,17,1,827.4
6,17,18,1,827.5
6,17,19,1,827.6
6,17,20,1,827.7
6,17,21,1,827.8
6,17,22,1,827.8
6,17,23,1,827.9
6,18,0,1,828.0
6,18,1,1,828.1
6,18,2,1,828.1
6,18,3,1,828.2
6,18,4,1,828.3
6,18,5,1,828.3
6,18,6,1,828.4
6,18,7,1,828.5
6,18,8,1,828.5
6,18,9,1,828.6
6,18,10,1,828.7
6,18,11,1,828.8
6,18,12,1,828.8
6,18,13,1,828.9
6,18,14,1,829.0
6,18,15,1,829.1
6,19,18,1,831.1
6,19,19,1,831.2
6,19,20,1,831.2
6,19,21,1,831.3
6,19,22,1,831.4
6,19,23,1,831.5
6,20,0,0,831.5
6,20,1,0,831.6
6,20,2,0,831.7
6,20,3,0,831.7
6,20,4,0,831.8
6,20,5,0,831.9
6,20,6,0,831.9
6,20,7,0,832.0
6,20,8,0,832.1
6,20,9,0,832.2
6,20,10,0,832.4
6,20,11,0,832.5
6,20,12,0,832.6
6,20,13,0,832.8
6,20,14,0,832.9
6,20,15,0,833.1
6,20,16,0,833.2
6,20,17,0,833.3
6,21,20,0,836.2
6,21,21,0,836.3
6,21,22,0,836.3
6,21,23,0,836.4
6,22,0,1,836.5
6,22,1,1,836.6
6,22,2,1,836.6
6,22,3,1,836.7
6,22,4,1,836.8
6,22,5,1,836.8
6,22,6,1,836.9
6,22,7,1,837.0
6,22,8,1,837.1
6,22,9,1,837.2
6,22,10,1,837.3
6,22,11,1,837.5
6,22,12,1,837.7
6,22,13,1,837.8
6,22,14,1,838.0
6,22,15,1,838.1
6,22,16,1,838.3
6,22,17,1,838.4
6,22,18,1,838.5
6,22,19,1,838.6
6,22,21,1,838.8
6,22,22,1,838.9
6,22,23,1,839.0
6,23,0,1,839.0
6,23,1,1,839.1
6,23,2,1,839.2
6,23,3,1,839.2
6,23,4,1,839.3
6,23,5,1,839.4
6,23,6,1,839.5
6,23,7,1,839.5
6,23,8,1,839.6
6,23,9,1,839.7
6,23,10,1,839.9
6,23,11,1,840.0
6,23,12,1,840.1
6,23,13,1,840.3
6,23,14,1,840.4
6,23,15,1,840.5
6,23,16,1,840.7
6,23,17,1,840.8
6,23,18,1,840.9
6,23,19,1,841.1
6,23,20,1,841.1
6,23,22,1,841.3
6,23,23,1,841.4
6,24,0,1,841.5
6,24,1,1,841.5
6,24,2,1,841.6
6,24,3,1,841.7
6,24,4,1,841.7
6,24,5,1,841.8
6,24,6,1,841.9
6,24,7,1,842.0
6,24,8,1,842.0
6,24,9,1,842.2
6,24,10,1,842.3
6,24,11,1,842.4
6,24,12,1,842.6
6,24,13,1,842.7
6,24,14,1,842.8
6,24,15,1,843.0
6,24,16,1,843.1
6,24,17,1,843.2
6,24,18,1,843.4
6,24,19,1,843.5
6,24,20,1,843.6
6,24,21,1,843.6
6,26,0,1,846.1
6,26,1,1,846.2
6,26,2,1,846.2
6,26,3,1,846.3
6,26,4,1,846.4
6,26,5,1,846.5
6,26,6,1,846.6
6,26,7,1,846.7
6,26,8,1,846.7
6,26,9,1,846.8
6,26,10,1,846.9
6,26,11,1,847.0
6,26,12,1,847.1
6,26,13,1,847.3
6,26,14,1,847.4
6,26,15,1,847.5
6,26,16,1,847.6
6,26,17,1,847.7
6,26,18,1,847.8
6,26,19,1,847.9
6,26,20,1,848.0
6,26,21,1,848.1
6,26,22,1,848.2
6,26,23,1,848.3
6,27,1,0,848.4
6,27,2,0,848.5
6,27,3,0,848.6
6,27,4,0,848.7
6,27,5,0,848.8
6,27,6,0,848.8
6,27,7,0,848.9
6,27,8,0,849.0
6,27,9,0,849.2
6,27,10,0,849.3
6,27,11,0,849.5
6,27,12,0,849.7
6,27,13,0,849.9
6,27,14,0,850.1
6,27,15,0,850.2
6,27,16,0,850.4
6,27,17,0,850.6
6,27,18,0,850.7
6,27,19,0,850.9
6,27,20,0,851.0
6,27,21,0,851.1
6,27,22,0,851.2
6,27,23,0,851.3
6,28,0,0,851.4
